<?xml version="1.0" encoding="UTF-8"?>
<kit><lpfMode>24dB</lpfMode><modFXType>flanger</modFXType><modFXCurrentParam>feedback</modFXCurrentParam><currentFilterType>lpf</currentFilterType><defaultParams><delay><rate>0x00000000</rate><feedback>0x80000000</feedback></delay><reverbAmount>0x80000000</reverbAmount><volume>0x3504F334</volume><pan>0x00000000</pan><lpf><frequency>0x7FFFFFFF</frequency><resonance>0x00000000</resonance></lpf><hpf><frequency>0x80000000</frequency><resonance>0xC0000000</resonance></hpf><modFXDepth>0x00000000</modFXDepth><modFXRate>0xE0000000</modFXRate><stutterRate>0x00000000</stutterRate><sampleRateReduction>0x80000000</sampleRateReduction><bitCrush>0x80000000</bitCrush><equalizer><bass>0x00000000</bass><treble>0x00000000</treble><bassFrequency>0x00000000</bassFrequency><trebleFrequency>0x00000000</trebleFrequency></equalizer><modFXOffset>0x00000000</modFXOffset><modFXFeedback>0x80000000</modFXFeedback></defaultParams><soundSources><sound><name>07</name><osc1><type>sample</type><transpose>0</transpose><cents>0</cents><loopMode>1</loopMode><reversed>0</reversed><timeStretchEnable>0</timeStretchEnable><timeStretchAmount>0</timeStretchAmount><fileName>SAMPLES/ARTISTS/Stefanie Franciotti/07.wav</fileName><zone><startMilliseconds>50</startMilliseconds><endMilliseconds>1500</endMilliseconds></zone></osc1><osc2><type>square</type><transpose>0</transpose><cents>0</cents><retrigPhase>0</retrigPhase></osc2><polyphonic>0</polyphonic><clippingAmount>0</clippingAmount><voicePriority>1</voicePriority><lfo1><type>sine</type><syncLevel>0</syncLevel></lfo1><lfo2><type>sine</type></lfo2><mode>subtractive</mode><unison><num>1</num><detune>16</detune></unison><compressor><syncLevel>6</syncLevel><attack>168220</attack><release>936</release></compressor><delay><pingPong>1</pingPong><analog>1</analog><syncLevel>7</syncLevel></delay><lpfMode>12dB</lpfMode><modFXType>none</modFXType><defaultParams><arpeggiatorGate>0x00000000</arpeggiatorGate><portamento>0x80000000</portamento><compressorShape>0xDC28F5B2</compressorShape><oscAVolume>0x7FFFFFD2</oscAVolume><oscAPulseWidth>0x00000000</oscAPulseWidth><oscBVolume>0x80000000</oscBVolume><oscBPulseWidth>0x00000000</oscBPulseWidth><noiseVolume>0x80000000</noiseVolume><volume>0x4CCCCCA8</volume><pan>0x00000000</pan><lpfFrequency>0x7FFFFFD2</lpfFrequency><lpfResonance>0xFFFFFFE9</lpfResonance><hpfFrequency>0x80000000</hpfFrequency><hpfResonance>0x80000000</hpfResonance><envelope1><attack>0x80000000</attack><decay>0xE6666654</decay><sustain>0x7FFFFFD2</sustain><release>0x80000000</release></envelope1><envelope2><attack>0xE6666654</attack><decay>0xE6666654</decay><sustain>0xFFFFFFE9</sustain><release>0xE6666654</release></envelope2><lfo1Rate>0xFFFFFFE9</lfo1Rate><lfo2Rate>0xFFFFFFE9</lfo2Rate><modulator1Amount>0x80000000</modulator1Amount><modulator1Feedback>0x80000000</modulator1Feedback><modulator2Amount>0x80000000</modulator2Amount><modulator2Feedback>0x80000000</modulator2Feedback><carrier1Feedback>0x80000000</carrier1Feedback><carrier2Feedback>0x80000000</carrier2Feedback><modFXRate>0x1E138243</modFXRate><modFXDepth>0x5F2E334D</modFXDepth><delayRate>0x00000000</delayRate><delayFeedback>0x80000000</delayFeedback><reverbAmount>0x80000000</reverbAmount><arpeggiatorRate>0x00000000</arpeggiatorRate><patchCables><patchCable><source>velocity</source><destination>volume</destination><amount>0x3FFFFFE8</amount></patchCable></patchCables><stutterRate>0x00000000</stutterRate><sampleRateReduction>0x80000000</sampleRateReduction><bitCrush>0x80000000</bitCrush><equalizer><bass>0x00000000</bass><treble>0x00000000</treble><bassFrequency>0x00000000</bassFrequency><trebleFrequency>0x00000000</trebleFrequency></equalizer><modFXOffset>0xFFC00000</modFXOffset><modFXFeedback>0xFFFFFFAA</modFXFeedback></defaultParams><midiKnobs /><modKnobs><modKnob><controlsParam>pan</controlsParam></modKnob><modKnob><controlsParam>volumePostFX</controlsParam></modKnob><modKnob><controlsParam>lpfResonance</controlsParam></modKnob><modKnob><controlsParam>lpfFrequency</controlsParam></modKnob><modKnob><controlsParam>env1Release</controlsParam></modKnob><modKnob><controlsParam>env1Attack</controlsParam></modKnob><modKnob><controlsParam>delayFeedback</controlsParam></modKnob><modKnob><controlsParam>delayRate</controlsParam></modKnob><modKnob><controlsParam>reverbAmount</controlsParam></modKnob><modKnob><controlsParam>volumePostReverbSend</controlsParam><patchAmountFromSource>compressor</patchAmountFromSource></modKnob><modKnob><controlsParam>pitch</controlsParam><patchAmountFromSource>lfo1</patchAmountFromSource></modKnob><modKnob><controlsParam>lfo1Rate</controlsParam></modKnob><modKnob><controlsParam>pitch</controlsParam></modKnob><modKnob><controlsParam>stutterRate</controlsParam></modKnob><modKnob><controlsParam>bitcrushAmount</controlsParam></modKnob><modKnob><controlsParam>sampleRateReduction</controlsParam></modKnob></modKnobs></sound><sound><name>05</name><osc1><type>sample</type><transpose>0</transpose><cents>0</cents><loopMode>1</loopMode><reversed>0</reversed><timeStretchEnable>0</timeStretchEnable><timeStretchAmount>0</timeStretchAmount><fileName>SAMPLES/ARTISTS/Stefanie Franciotti/05.wav</fileName><zone><startMilliseconds>0</startMilliseconds><endMilliseconds>1500</endMilliseconds></zone></osc1><osc2><type>square</type><transpose>0</transpose><cents>0</cents><retrigPhase>0</retrigPhase></osc2><polyphonic>0</polyphonic><clippingAmount>0</clippingAmount><voicePriority>1</voicePriority><lfo1><type>sine</type><syncLevel>0</syncLevel></lfo1><lfo2><type>sine</type></lfo2><mode>subtractive</mode><unison><num>1</num><detune>16</detune></unison><compressor><syncLevel>6</syncLevel><attack>168220</attack><release>936</release></compressor><delay><pingPong>1</pingPong><analog>1</analog><syncLevel>7</syncLevel></delay><lpfMode>12dB</lpfMode><modFXType>none</modFXType><defaultParams><arpeggiatorGate>0x00000000</arpeggiatorGate><portamento>0x80000000</portamento><compressorShape>0xDC28F5B2</compressorShape><oscAVolume>0x7FFFFFD2</oscAVolume><oscAPulseWidth>0x00000000</oscAPulseWidth><oscBVolume>0x80000000</oscBVolume><oscBPulseWidth>0x00000000</oscBPulseWidth><noiseVolume>0x80000000</noiseVolume><volume>0x7FFFFFFF</volume><pan>0x00000000</pan><lpfFrequency>0x7FFFFFD2</lpfFrequency><lpfResonance>0xFFFFFFE9</lpfResonance><hpfFrequency>0x80000000</hpfFrequency><hpfResonance>0x80000000</hpfResonance><envelope1><attack>0x80000000</attack><decay>0xE6666654</decay><sustain>0x7FFFFFD2</sustain><release>0x80000000</release></envelope1><envelope2><attack>0xE6666654</attack><decay>0xE6666654</decay><sustain>0xFFFFFFE9</sustain><release>0xE6666654</release></envelope2><lfo1Rate>0xFFFFFFE9</lfo1Rate><lfo2Rate>0xFFFFFFE9</lfo2Rate><modulator1Amount>0x80000000</modulator1Amount><modulator1Feedback>0x80000000</modulator1Feedback><modulator2Amount>0x80000000</modulator2Amount><modulator2Feedback>0x80000000</modulator2Feedback><carrier1Feedback>0x80000000</carrier1Feedback><carrier2Feedback>0x80000000</carrier2Feedback><modFXRate>0xA5FBBBDD</modFXRate><modFXDepth>0x609D6C50</modFXDepth><delayRate>0x00000000</delayRate><delayFeedback>0x80000000</delayFeedback><reverbAmount>0x80000000</reverbAmount><arpeggiatorRate>0x00000000</arpeggiatorRate><patchCables><patchCable><source>velocity</source><destination>volume</destination><amount>0x3FFFFFE8</amount></patchCable></patchCables><stutterRate>0x00000000</stutterRate><sampleRateReduction>0x80000000</sampleRateReduction><bitCrush>0x80000000</bitCrush><equalizer><bass>0x00000000</bass><treble>0x00000000</treble><bassFrequency>0x00000000</bassFrequency><trebleFrequency>0x00000000</trebleFrequency></equalizer><modFXOffset>0xFFC00000</modFXOffset><modFXFeedback>0xFFFFFFAA</modFXFeedback></defaultParams><midiKnobs /><modKnobs><modKnob><controlsParam>pan</controlsParam></modKnob><modKnob><controlsParam>volumePostFX</controlsParam></modKnob><modKnob><controlsParam>lpfResonance</controlsParam></modKnob><modKnob><controlsParam>lpfFrequency</controlsParam></modKnob><modKnob><controlsParam>env1Release</controlsParam></modKnob><modKnob><controlsParam>env1Attack</controlsParam></modKnob><modKnob><controlsParam>delayFeedback</controlsParam></modKnob><modKnob><controlsParam>delayRate</controlsParam></modKnob><modKnob><controlsParam>reverbAmount</controlsParam></modKnob><modKnob><controlsParam>volumePostReverbSend</controlsParam><patchAmountFromSource>compressor</patchAmountFromSource></modKnob><modKnob><controlsParam>pitch</controlsParam><patchAmountFromSource>lfo1</patchAmountFromSource></modKnob><modKnob><controlsParam>lfo1Rate</controlsParam></modKnob><modKnob><controlsParam>pitch</controlsParam></modKnob><modKnob><controlsParam>stutterRate</controlsParam></modKnob><modKnob><controlsParam>bitcrushAmount</controlsParam></modKnob><modKnob><controlsParam>sampleRateReduction</controlsParam></modKnob></modKnobs></sound><sound><name>00</name><osc1><type>sample</type><transpose>0</transpose><cents>0</cents><loopMode>1</loopMode><reversed>0</reversed><timeStretchEnable>0</timeStretchEnable><timeStretchAmount>0</timeStretchAmount><fileName>SAMPLES/ARTISTS/Stefanie Franciotti/00.wav</fileName><zone><startMilliseconds>0</startMilliseconds><endMilliseconds>1500</endMilliseconds></zone></osc1><osc2><type>square</type><transpose>0</transpose><cents>0</cents><retrigPhase>0</retrigPhase></osc2><polyphonic>0</polyphonic><clippingAmount>0</clippingAmount><voicePriority>1</voicePriority><lfo1><type>sine</type><syncLevel>0</syncLevel></lfo1><lfo2><type>sine</type></lfo2><mode>subtractive</mode><unison><num>1</num><detune>16</detune></unison><compressor><syncLevel>6</syncLevel><attack>168220</attack><release>936</release></compressor><delay><pingPong>1</pingPong><analog>1</analog><syncLevel>7</syncLevel></delay><lpfMode>12dB</lpfMode><modFXType>none</modFXType><defaultParams><arpeggiatorGate>0x00000000</arpeggiatorGate><portamento>0x80000000</portamento><compressorShape>0xDC28F5B2</compressorShape><oscAVolume>0x7FFFFFD2</oscAVolume><oscAPulseWidth>0x00000000</oscAPulseWidth><oscBVolume>0x80000000</oscBVolume><oscBPulseWidth>0x00000000</oscBPulseWidth><noiseVolume>0x80000000</noiseVolume><volume>0x24000000</volume><pan>0x00000000</pan><lpfFrequency>0x7FFFFFD2</lpfFrequency><lpfResonance>0xFFFFFFE9</lpfResonance><hpfFrequency>0x80000000</hpfFrequency><hpfResonance>0x80000000</hpfResonance><envelope1><attack>0x80000000</attack><decay>0xE6666654</decay><sustain>0x7FFFFFD2</sustain><release>0x84000000</release></envelope1><envelope2><attack>0xE6666654</attack><decay>0xE6666654</decay><sustain>0xFFFFFFE9</sustain><release>0xE6666654</release></envelope2><lfo1Rate>0xFFFFFFE9</lfo1Rate><lfo2Rate>0xFFFFFFE9</lfo2Rate><modulator1Amount>0x80000000</modulator1Amount><modulator1Feedback>0x80000000</modulator1Feedback><modulator2Amount>0x80000000</modulator2Amount><modulator2Feedback>0x80000000</modulator2Feedback><carrier1Feedback>0x80000000</carrier1Feedback><carrier2Feedback>0x80000000</carrier2Feedback><modFXRate>0x4F6095B4</modFXRate><modFXDepth>0xE8A78FE5</modFXDepth><delayRate>0x00000000</delayRate><delayFeedback>0x80000000</delayFeedback><reverbAmount>0x80000000</reverbAmount><arpeggiatorRate>0x00000000</arpeggiatorRate><patchCables><patchCable><source>velocity</source><destination>volume</destination><amount>0x3FFFFFE8</amount></patchCable></patchCables><stutterRate>0x00000000</stutterRate><sampleRateReduction>0x80000000</sampleRateReduction><bitCrush>0x80000000</bitCrush><equalizer><bass>0x00000000</bass><treble>0x00000000</treble><bassFrequency>0x00000000</bassFrequency><trebleFrequency>0x00000000</trebleFrequency></equalizer><modFXOffset>0xFFC00000</modFXOffset><modFXFeedback>0xFFFFFFAA</modFXFeedback></defaultParams><midiKnobs /><modKnobs><modKnob><controlsParam>pan</controlsParam></modKnob><modKnob><controlsParam>volumePostFX</controlsParam></modKnob><modKnob><controlsParam>lpfResonance</controlsParam></modKnob><modKnob><controlsParam>lpfFrequency</controlsParam></modKnob><modKnob><controlsParam>env1Release</controlsParam></modKnob><modKnob><controlsParam>env1Attack</controlsParam></modKnob><modKnob><controlsParam>delayFeedback</controlsParam></modKnob><modKnob><controlsParam>delayRate</controlsParam></modKnob><modKnob><controlsParam>reverbAmount</controlsParam></modKnob><modKnob><controlsParam>volumePostReverbSend</controlsParam><patchAmountFromSource>compressor</patchAmountFromSource></modKnob><modKnob><controlsParam>pitch</controlsParam><patchAmountFromSource>lfo1</patchAmountFromSource></modKnob><modKnob><controlsParam>lfo1Rate</controlsParam></modKnob><modKnob><controlsParam>pitch</controlsParam></modKnob><modKnob><controlsParam>stutterRate</controlsParam></modKnob><modKnob><controlsParam>bitcrushAmount</controlsParam></modKnob><modKnob><controlsParam>sampleRateReduction</controlsParam></modKnob></modKnobs></sound><sound><name>01</name><osc1><type>sample</type><transpose>0</transpose><cents>0</cents><loopMode>1</loopMode><reversed>0</reversed><timeStretchEnable>0</timeStretchEnable><timeStretchAmount>0</timeStretchAmount><fileName>SAMPLES/ARTISTS/Stefanie Franciotti/01.wav</fileName><zone><startMilliseconds>0</startMilliseconds><endMilliseconds>1500</endMilliseconds></zone></osc1><osc2><type>square</type><transpose>0</transpose><cents>0</cents><retrigPhase>0</retrigPhase></osc2><polyphonic>0</polyphonic><clippingAmount>0</clippingAmount><voicePriority>1</voicePriority><lfo1><type>sine</type><syncLevel>0</syncLevel></lfo1><lfo2><type>sine</type></lfo2><mode>subtractive</mode><unison><num>1</num><detune>16</detune></unison><compressor><syncLevel>6</syncLevel><attack>168220</attack><release>936</release></compressor><delay><pingPong>1</pingPong><analog>1</analog><syncLevel>7</syncLevel></delay><lpfMode>12dB</lpfMode><modFXType>none</modFXType><defaultParams><arpeggiatorGate>0x00000000</arpeggiatorGate><portamento>0x80000000</portamento><compressorShape>0xDC28F5B2</compressorShape><oscAVolume>0x7FFFFFD2</oscAVolume><oscAPulseWidth>0x00000000</oscAPulseWidth><oscBVolume>0x80000000</oscBVolume><oscBPulseWidth>0x00000000</oscBPulseWidth><noiseVolume>0x80000000</noiseVolume><volume>0x4CCCCCA8</volume><pan>0x00000000</pan><lpfFrequency>0x7FFFFFD2</lpfFrequency><lpfResonance>0xFFFFFFE9</lpfResonance><hpfFrequency>0x80000000</hpfFrequency><hpfResonance>0x80000000</hpfResonance><envelope1><attack>0x80000000</attack><decay>0xE6666654</decay><sustain>0x7FFFFFD2</sustain><release>0x80000000</release></envelope1><envelope2><attack>0xE6666654</attack><decay>0xE6666654</decay><sustain>0xFFFFFFE9</sustain><release>0xE6666654</release></envelope2><lfo1Rate>0xFFFFFFE9</lfo1Rate><lfo2Rate>0xFFFFFFE9</lfo2Rate><modulator1Amount>0x80000000</modulator1Amount><modulator1Feedback>0x80000000</modulator1Feedback><modulator2Amount>0x80000000</modulator2Amount><modulator2Feedback>0x80000000</modulator2Feedback><carrier1Feedback>0x80000000</carrier1Feedback><carrier2Feedback>0x80000000</carrier2Feedback><modFXRate>0x2D842B51</modFXRate><modFXDepth>0xDFD380EE</modFXDepth><delayRate>0x00000000</delayRate><delayFeedback>0x80000000</delayFeedback><reverbAmount>0x80000000</reverbAmount><arpeggiatorRate>0x00000000</arpeggiatorRate><patchCables><patchCable><source>velocity</source><destination>volume</destination><amount>0x3FFFFFE8</amount></patchCable></patchCables><stutterRate>0x00000000</stutterRate><sampleRateReduction>0x80000000</sampleRateReduction><bitCrush>0x80000000</bitCrush><equalizer><bass>0x00000000</bass><treble>0x00000000</treble><bassFrequency>0x00000000</bassFrequency><trebleFrequency>0x00000000</trebleFrequency></equalizer><modFXOffset>0xFFC00000</modFXOffset><modFXFeedback>0xFFFFFFAA</modFXFeedback></defaultParams><midiKnobs /><modKnobs><modKnob><controlsParam>pan</controlsParam></modKnob><modKnob><controlsParam>volumePostFX</controlsParam></modKnob><modKnob><controlsParam>lpfResonance</controlsParam></modKnob><modKnob><controlsParam>lpfFrequency</controlsParam></modKnob><modKnob><controlsParam>env1Release</controlsParam></modKnob><modKnob><controlsParam>env1Attack</controlsParam></modKnob><modKnob><controlsParam>delayFeedback</controlsParam></modKnob><modKnob><controlsParam>delayRate</controlsParam></modKnob><modKnob><controlsParam>reverbAmount</controlsParam></modKnob><modKnob><controlsParam>volumePostReverbSend</controlsParam><patchAmountFromSource>compressor</patchAmountFromSource></modKnob><modKnob><controlsParam>pitch</controlsParam><patchAmountFromSource>lfo1</patchAmountFromSource></modKnob><modKnob><controlsParam>lfo1Rate</controlsParam></modKnob><modKnob><controlsParam>pitch</controlsParam></modKnob><modKnob><controlsParam>stutterRate</controlsParam></modKnob><modKnob><controlsParam>bitcrushAmount</controlsParam></modKnob><modKnob><controlsParam>sampleRateReduction</controlsParam></modKnob></modKnobs></sound><sound><name>02</name><osc1><type>sample</type><transpose>0</transpose><cents>0</cents><loopMode>1</loopMode><reversed>0</reversed><timeStretchEnable>0</timeStretchEnable><timeStretchAmount>0</timeStretchAmount><fileName>SAMPLES/ARTISTS/Stefanie Franciotti/02.wav</fileName><zone><startMilliseconds>0</startMilliseconds><endMilliseconds>1500</endMilliseconds></zone></osc1><osc2><type>square</type><transpose>0</transpose><cents>0</cents><retrigPhase>0</retrigPhase></osc2><polyphonic>0</polyphonic><clippingAmount>0</clippingAmount><voicePriority>1</voicePriority><lfo1><type>sine</type><syncLevel>0</syncLevel></lfo1><lfo2><type>sine</type></lfo2><mode>subtractive</mode><unison><num>1</num><detune>16</detune></unison><compressor><syncLevel>6</syncLevel><attack>168220</attack><release>936</release></compressor><delay><pingPong>1</pingPong><analog>1</analog><syncLevel>7</syncLevel></delay><lpfMode>12dB</lpfMode><modFXType>none</modFXType><defaultParams><arpeggiatorGate>0x00000000</arpeggiatorGate><portamento>0x80000000</portamento><compressorShape>0xDC28F5B2</compressorShape><oscAVolume>0x7FFFFFD2</oscAVolume><oscAPulseWidth>0x00000000</oscAPulseWidth><oscBVolume>0x80000000</oscBVolume><oscBPulseWidth>0x00000000</oscBPulseWidth><noiseVolume>0x80000000</noiseVolume><volume>0x74000000</volume><pan>0x00000000</pan><lpfFrequency>0x7FFFFFD2</lpfFrequency><lpfResonance>0xFFFFFFE9</lpfResonance><hpfFrequency>0x80000000</hpfFrequency><hpfResonance>0x80000000</hpfResonance><envelope1><attack>0x80000000</attack><decay>0xE6666654</decay><sustain>0x7FFFFFD2</sustain><release>0x80000000</release></envelope1><envelope2><attack>0xE6666654</attack><decay>0xE6666654</decay><sustain>0xFFFFFFE9</sustain><release>0xE6666654</release></envelope2><lfo1Rate>0xFFFFFFE9</lfo1Rate><lfo2Rate>0xFFFFFFE9</lfo2Rate><modulator1Amount>0x80000000</modulator1Amount><modulator1Feedback>0x80000000</modulator1Feedback><modulator2Amount>0x80000000</modulator2Amount><modulator2Feedback>0x80000000</modulator2Feedback><carrier1Feedback>0x80000000</carrier1Feedback><carrier2Feedback>0x80000000</carrier2Feedback><modFXRate>0x0E18D4C3</modFXRate><modFXDepth>0x3D933B84</modFXDepth><delayRate>0x00000000</delayRate><delayFeedback>0x80000000</delayFeedback><reverbAmount>0x80000000</reverbAmount><arpeggiatorRate>0x00000000</arpeggiatorRate><patchCables><patchCable><source>velocity</source><destination>volume</destination><amount>0x3FFFFFE8</amount></patchCable></patchCables><stutterRate>0x00000000</stutterRate><sampleRateReduction>0x80000000</sampleRateReduction><bitCrush>0x80000000</bitCrush><equalizer><bass>0x00000000</bass><treble>0x00000000</treble><bassFrequency>0x00000000</bassFrequency><trebleFrequency>0x00000000</trebleFrequency></equalizer><modFXOffset>0xFFC00000</modFXOffset><modFXFeedback>0xFFFFFFAA</modFXFeedback></defaultParams><midiKnobs /><modKnobs><modKnob><controlsParam>pan</controlsParam></modKnob><modKnob><controlsParam>volumePostFX</controlsParam></modKnob><modKnob><controlsParam>lpfResonance</controlsParam></modKnob><modKnob><controlsParam>lpfFrequency</controlsParam></modKnob><modKnob><controlsParam>env1Release</controlsParam></modKnob><modKnob><controlsParam>env1Attack</controlsParam></modKnob><modKnob><controlsParam>delayFeedback</controlsParam></modKnob><modKnob><controlsParam>delayRate</controlsParam></modKnob><modKnob><controlsParam>reverbAmount</controlsParam></modKnob><modKnob><controlsParam>volumePostReverbSend</controlsParam><patchAmountFromSource>compressor</patchAmountFromSource></modKnob><modKnob><controlsParam>pitch</controlsParam><patchAmountFromSource>lfo1</patchAmountFromSource></modKnob><modKnob><controlsParam>lfo1Rate</controlsParam></modKnob><modKnob><controlsParam>pitch</controlsParam></modKnob><modKnob><controlsParam>stutterRate</controlsParam></modKnob><modKnob><controlsParam>bitcrushAmount</controlsParam></modKnob><modKnob><controlsParam>sampleRateReduction</controlsParam></modKnob></modKnobs></sound><sound><name>03</name><osc1><type>sample</type><transpose>0</transpose><cents>0</cents><loopMode>1</loopMode><reversed>0</reversed><timeStretchEnable>0</timeStretchEnable><timeStretchAmount>0</timeStretchAmount><fileName>SAMPLES/ARTISTS/Stefanie Franciotti/03.wav</fileName><zone><startMilliseconds>120</startMilliseconds><endMilliseconds>1500</endMilliseconds></zone></osc1><osc2><type>square</type><transpose>0</transpose><cents>0</cents><retrigPhase>0</retrigPhase></osc2><polyphonic>0</polyphonic><clippingAmount>0</clippingAmount><voicePriority>1</voicePriority><lfo1><type>sine</type><syncLevel>0</syncLevel></lfo1><lfo2><type>sine</type></lfo2><mode>subtractive</mode><unison><num>1</num><detune>16</detune></unison><compressor><syncLevel>6</syncLevel><attack>168220</attack><release>936</release></compressor><delay><pingPong>1</pingPong><analog>1</analog><syncLevel>7</syncLevel></delay><lpfMode>12dB</lpfMode><modFXType>none</modFXType><defaultParams><arpeggiatorGate>0x00000000</arpeggiatorGate><portamento>0x80000000</portamento><compressorShape>0xDC28F5B2</compressorShape><oscAVolume>0x7FFFFFD2</oscAVolume><oscAPulseWidth>0x00000000</oscAPulseWidth><oscBVolume>0x80000000</oscBVolume><oscBPulseWidth>0x00000000</oscBPulseWidth><noiseVolume>0x80000000</noiseVolume><volume>0x5A000000</volume><pan>0x00000000</pan><lpfFrequency>0x7FFFFFD2</lpfFrequency><lpfResonance>0xFFFFFFE9</lpfResonance><hpfFrequency>0x80000000</hpfFrequency><hpfResonance>0x80000000</hpfResonance><envelope1><attack>0x80000000</attack><decay>0xE6666654</decay><sustain>0x7FFFFFD2</sustain><release>0x80000000</release></envelope1><envelope2><attack>0xE6666654</attack><decay>0xE6666654</decay><sustain>0xFFFFFFE9</sustain><release>0xE6666654</release></envelope2><lfo1Rate>0xFFFFFFE9</lfo1Rate><lfo2Rate>0xFFFFFFE9</lfo2Rate><modulator1Amount>0x80000000</modulator1Amount><modulator1Feedback>0x80000000</modulator1Feedback><modulator2Amount>0x80000000</modulator2Amount><modulator2Feedback>0x80000000</modulator2Feedback><carrier1Feedback>0x80000000</carrier1Feedback><carrier2Feedback>0x80000000</carrier2Feedback><modFXRate>0x95F3979F</modFXRate><modFXDepth>0xD162D581</modFXDepth><delayRate>0x00000000</delayRate><delayFeedback>0x80000000</delayFeedback><reverbAmount>0x80000000</reverbAmount><arpeggiatorRate>0x00000000</arpeggiatorRate><patchCables><patchCable><source>velocity</source><destination>volume</destination><amount>0x3FFFFFE8</amount></patchCable></patchCables><stutterRate>0x00000000</stutterRate><sampleRateReduction>0x80000000</sampleRateReduction><bitCrush>0x80000000</bitCrush><equalizer><bass>0x00000000</bass><treble>0x00000000</treble><bassFrequency>0x00000000</bassFrequency><trebleFrequency>0x00000000</trebleFrequency></equalizer><modFXOffset>0xFFC00000</modFXOffset><modFXFeedback>0xFFFFFFAA</modFXFeedback></defaultParams><midiKnobs /><modKnobs><modKnob><controlsParam>pan</controlsParam></modKnob><modKnob><controlsParam>volumePostFX</controlsParam></modKnob><modKnob><controlsParam>lpfResonance</controlsParam></modKnob><modKnob><controlsParam>lpfFrequency</controlsParam></modKnob><modKnob><controlsParam>env1Release</controlsParam></modKnob><modKnob><controlsParam>env1Attack</controlsParam></modKnob><modKnob><controlsParam>delayFeedback</controlsParam></modKnob><modKnob><controlsParam>delayRate</controlsParam></modKnob><modKnob><controlsParam>reverbAmount</controlsParam></modKnob><modKnob><controlsParam>volumePostReverbSend</controlsParam><patchAmountFromSource>compressor</patchAmountFromSource></modKnob><modKnob><controlsParam>pitch</controlsParam><patchAmountFromSource>lfo1</patchAmountFromSource></modKnob><modKnob><controlsParam>lfo1Rate</controlsParam></modKnob><modKnob><controlsParam>pitch</controlsParam></modKnob><modKnob><controlsParam>stutterRate</controlsParam></modKnob><modKnob><controlsParam>bitcrushAmount</controlsParam></modKnob><modKnob><controlsParam>sampleRateReduction</controlsParam></modKnob></modKnobs></sound><sound><name>04</name><osc1><type>sample</type><transpose>0</transpose><cents>0</cents><loopMode>1</loopMode><reversed>0</reversed><timeStretchEnable>0</timeStretchEnable><timeStretchAmount>0</timeStretchAmount><fileName>SAMPLES/ARTISTS/Stefanie Franciotti/04.wav</fileName><zone><startMilliseconds>50</startMilliseconds><endMilliseconds>1500</endMilliseconds></zone></osc1><osc2><type>square</type><transpose>0</transpose><cents>0</cents><retrigPhase>0</retrigPhase></osc2><polyphonic>0</polyphonic><clippingAmount>0</clippingAmount><voicePriority>1</voicePriority><lfo1><type>sine</type><syncLevel>0</syncLevel></lfo1><lfo2><type>sine</type></lfo2><mode>subtractive</mode><unison><num>1</num><detune>16</detune></unison><compressor><syncLevel>6</syncLevel><attack>168220</attack><release>936</release></compressor><delay><pingPong>1</pingPong><analog>1</analog><syncLevel>7</syncLevel></delay><lpfMode>12dB</lpfMode><modFXType>none</modFXType><defaultParams><arpeggiatorGate>0x00000000</arpeggiatorGate><portamento>0x80000000</portamento><compressorShape>0xDC28F5B2</compressorShape><oscAVolume>0x7FFFFFD2</oscAVolume><oscAPulseWidth>0x00000000</oscAPulseWidth><oscBVolume>0x80000000</oscBVolume><oscBPulseWidth>0x00000000</oscBPulseWidth><noiseVolume>0x80000000</noiseVolume><volume>0x6A000000</volume><pan>0x00000000</pan><lpfFrequency>0x7FFFFFD2</lpfFrequency><lpfResonance>0xFFFFFFE9</lpfResonance><hpfFrequency>0x80000000</hpfFrequency><hpfResonance>0x80000000</hpfResonance><envelope1><attack>0x80000000</attack><decay>0xE6666654</decay><sustain>0x7FFFFFD2</sustain><release>0x80000000</release></envelope1><envelope2><attack>0xE6666654</attack><decay>0xE6666654</decay><sustain>0xFFFFFFE9</sustain><release>0xE6666654</release></envelope2><lfo1Rate>0xFFFFFFE9</lfo1Rate><lfo2Rate>0xFFFFFFE9</lfo2Rate><modulator1Amount>0x80000000</modulator1Amount><modulator1Feedback>0x80000000</modulator1Feedback><modulator2Amount>0x80000000</modulator2Amount><modulator2Feedback>0x80000000</modulator2Feedback><carrier1Feedback>0x80000000</carrier1Feedback><carrier2Feedback>0x80000000</carrier2Feedback><modFXRate>0xFF047AFA</modFXRate><modFXDepth>0x1E42A209</modFXDepth><delayRate>0x00000000</delayRate><delayFeedback>0x80000000</delayFeedback><reverbAmount>0x80000000</reverbAmount><arpeggiatorRate>0x00000000</arpeggiatorRate><patchCables><patchCable><source>velocity</source><destination>volume</destination><amount>0x3FFFFFE8</amount></patchCable></patchCables><stutterRate>0x00000000</stutterRate><sampleRateReduction>0x80000000</sampleRateReduction><bitCrush>0x80000000</bitCrush><equalizer><bass>0x00000000</bass><treble>0x00000000</treble><bassFrequency>0x00000000</bassFrequency><trebleFrequency>0x00000000</trebleFrequency></equalizer><modFXOffset>0xFFC00000</modFXOffset><modFXFeedback>0xFFFFFFAA</modFXFeedback></defaultParams><midiKnobs /><modKnobs><modKnob><controlsParam>pan</controlsParam></modKnob><modKnob><controlsParam>volumePostFX</controlsParam></modKnob><modKnob><controlsParam>lpfResonance</controlsParam></modKnob><modKnob><controlsParam>lpfFrequency</controlsParam></modKnob><modKnob><controlsParam>env1Release</controlsParam></modKnob><modKnob><controlsParam>env1Attack</controlsParam></modKnob><modKnob><controlsParam>delayFeedback</controlsParam></modKnob><modKnob><controlsParam>delayRate</controlsParam></modKnob><modKnob><controlsParam>reverbAmount</controlsParam></modKnob><modKnob><controlsParam>volumePostReverbSend</controlsParam><patchAmountFromSource>compressor</patchAmountFromSource></modKnob><modKnob><controlsParam>pitch</controlsParam><patchAmountFromSource>lfo1</patchAmountFromSource></modKnob><modKnob><controlsParam>lfo1Rate</controlsParam></modKnob><modKnob><controlsParam>pitch</controlsParam></modKnob><modKnob><controlsParam>stutterRate</controlsParam></modKnob><modKnob><controlsParam>bitcrushAmount</controlsParam></modKnob><modKnob><controlsParam>sampleRateReduction</controlsParam></modKnob></modKnobs></sound><sound><name>06</name><osc1><type>sample</type><transpose>0</transpose><cents>0</cents><loopMode>1</loopMode><reversed>0</reversed><timeStretchEnable>0</timeStretchEnable><timeStretchAmount>0</timeStretchAmount><fileName>SAMPLES/ARTISTS/Stefanie Franciotti/06.wav</fileName><zone><startMilliseconds>80</startMilliseconds><endMilliseconds>1500</endMilliseconds></zone></osc1><osc2><type>square</type><transpose>0</transpose><cents>0</cents><retrigPhase>0</retrigPhase></osc2><polyphonic>0</polyphonic><clippingAmount>0</clippingAmount><voicePriority>1</voicePriority><lfo1><type>sine</type><syncLevel>0</syncLevel></lfo1><lfo2><type>sine</type></lfo2><mode>subtractive</mode><unison><num>1</num><detune>16</detune></unison><compressor><syncLevel>6</syncLevel><attack>168220</attack><release>936</release></compressor><delay><pingPong>1</pingPong><analog>1</analog><syncLevel>7</syncLevel></delay><lpfMode>12dB</lpfMode><modFXType>none</modFXType><defaultParams><arpeggiatorGate>0x00000000</arpeggiatorGate><portamento>0x80000000</portamento><compressorShape>0xDC28F5B2</compressorShape><oscAVolume>0x7FFFFFD2</oscAVolume><oscAPulseWidth>0x00000000</oscAPulseWidth><oscBVolume>0x80000000</oscBVolume><oscBPulseWidth>0x00000000</oscBPulseWidth><noiseVolume>0x80000000</noiseVolume><volume>0x7FFFFFFF</volume><pan>0x00000000</pan><lpfFrequency>0x7FFFFFD2</lpfFrequency><lpfResonance>0xFFFFFFE9</lpfResonance><hpfFrequency>0x80000000</hpfFrequency><hpfResonance>0x80000000</hpfResonance><envelope1><attack>0x80000000</attack><decay>0xE6666654</decay><sustain>0x7FFFFFD2</sustain><release>0x84000000</release></envelope1><envelope2><attack>0xE6666654</attack><decay>0xE6666654</decay><sustain>0xFFFFFFE9</sustain><release>0xE6666654</release></envelope2><lfo1Rate>0xFFFFFFE9</lfo1Rate><lfo2Rate>0xFFFFFFE9</lfo2Rate><modulator1Amount>0x80000000</modulator1Amount><modulator1Feedback>0x80000000</modulator1Feedback><modulator2Amount>0x80000000</modulator2Amount><modulator2Feedback>0x80000000</modulator2Feedback><carrier1Feedback>0x80000000</carrier1Feedback><carrier2Feedback>0x80000000</carrier2Feedback><modFXRate>0xB01A03C8</modFXRate><modFXDepth>0x40C1A11F</modFXDepth><delayRate>0x00000000</delayRate><delayFeedback>0x80000000</delayFeedback><reverbAmount>0x80000000</reverbAmount><arpeggiatorRate>0x00000000</arpeggiatorRate><patchCables><patchCable><source>velocity</source><destination>volume</destination><amount>0x3FFFFFE8</amount></patchCable></patchCables><stutterRate>0x00000000</stutterRate><sampleRateReduction>0x80000000</sampleRateReduction><bitCrush>0x80000000</bitCrush><equalizer><bass>0x00000000</bass><treble>0x00000000</treble><bassFrequency>0x00000000</bassFrequency><trebleFrequency>0x00000000</trebleFrequency></equalizer><modFXOffset>0xFFC00000</modFXOffset><modFXFeedback>0xFFFFFFAA</modFXFeedback></defaultParams><midiKnobs /><modKnobs><modKnob><controlsParam>pan</controlsParam></modKnob><modKnob><controlsParam>volumePostFX</controlsParam></modKnob><modKnob><controlsParam>lpfResonance</controlsParam></modKnob><modKnob><controlsParam>lpfFrequency</controlsParam></modKnob><modKnob><controlsParam>env1Release</controlsParam></modKnob><modKnob><controlsParam>env1Attack</controlsParam></modKnob><modKnob><controlsParam>delayFeedback</controlsParam></modKnob><modKnob><controlsParam>delayRate</controlsParam></modKnob><modKnob><controlsParam>reverbAmount</controlsParam></modKnob><modKnob><controlsParam>volumePostReverbSend</controlsParam><patchAmountFromSource>compressor</patchAmountFromSource></modKnob><modKnob><controlsParam>pitch</controlsParam><patchAmountFromSource>lfo1</patchAmountFromSource></modKnob><modKnob><controlsParam>lfo1Rate</controlsParam></modKnob><modKnob><controlsParam>pitch</controlsParam></modKnob><modKnob><controlsParam>stutterRate</controlsParam></modKnob><modKnob><controlsParam>bitcrushAmount</controlsParam></modKnob><modKnob><controlsParam>sampleRateReduction</controlsParam></modKnob></modKnobs></sound><sound><name>08</name><osc1><type>sample</type><transpose>0</transpose><cents>0</cents><loopMode>3</loopMode><reversed>0</reversed><timeStretchEnable>1</timeStretchEnable><timeStretchAmount>0</timeStretchAmount><fileName>SAMPLES/ARTISTS/Stefanie Franciotti/08.wav</fileName><zone><startMilliseconds>100</startMilliseconds><endMilliseconds>929</endMilliseconds></zone></osc1><osc2><type>square</type><transpose>0</transpose><cents>0</cents><retrigPhase>0</retrigPhase></osc2><polyphonic>0</polyphonic><clippingAmount>0</clippingAmount><voicePriority>1</voicePriority><lfo1><type>sine</type><syncLevel>0</syncLevel></lfo1><lfo2><type>sine</type></lfo2><mode>subtractive</mode><unison><num>1</num><detune>16</detune></unison><compressor><syncLevel>6</syncLevel><attack>168220</attack><release>936</release></compressor><delay><pingPong>1</pingPong><analog>1</analog><syncLevel>7</syncLevel></delay><lpfMode>12dB</lpfMode><modFXType>none</modFXType><defaultParams><arpeggiatorGate>0x00000000</arpeggiatorGate><portamento>0x80000000</portamento><compressorShape>0xDC28F5B2</compressorShape><oscAVolume>0x7FFFFFD2</oscAVolume><oscAPulseWidth>0x00000000</oscAPulseWidth><oscBVolume>0x80000000</oscBVolume><oscBPulseWidth>0x00000000</oscBPulseWidth><noiseVolume>0x80000000</noiseVolume><volume>0x78000000</volume><pan>0x00000000</pan><lpfFrequency>0x7FFFFFD2</lpfFrequency><lpfResonance>0xFFFFFFE9</lpfResonance><hpfFrequency>0x80000000</hpfFrequency><hpfResonance>0x80000000</hpfResonance><envelope1><attack>0x80000000</attack><decay>0xE6666654</decay><sustain>0x7FFFFFD2</sustain><release>0x86000000</release></envelope1><envelope2><attack>0xE6666654</attack><decay>0xE6666654</decay><sustain>0xFFFFFFE9</sustain><release>0xE6666654</release></envelope2><lfo1Rate>0xFFFFFFE9</lfo1Rate><lfo2Rate>0xFFFFFFE9</lfo2Rate><modulator1Amount>0x80000000</modulator1Amount><modulator1Feedback>0x80000000</modulator1Feedback><modulator2Amount>0x80000000</modulator2Amount><modulator2Feedback>0x80000000</modulator2Feedback><carrier1Feedback>0x80000000</carrier1Feedback><carrier2Feedback>0x80000000</carrier2Feedback><modFXRate>0xFDC9DAE3</modFXRate><modFXDepth>0xFEFCFF93</modFXDepth><delayRate>0x00000000</delayRate><delayFeedback>0x80000000</delayFeedback><reverbAmount>0x80000000</reverbAmount><arpeggiatorRate>0x00000000</arpeggiatorRate><patchCables><patchCable><source>velocity</source><destination>volume</destination><amount>0x3FFFFFE8</amount></patchCable></patchCables><stutterRate>0x00000000</stutterRate><sampleRateReduction>0x80000000</sampleRateReduction><bitCrush>0x80000000</bitCrush><equalizer><bass>0x00000000</bass><treble>0x00000000</treble><bassFrequency>0x00000000</bassFrequency><trebleFrequency>0x00000000</trebleFrequency></equalizer><modFXOffset>0xFFC00000</modFXOffset><modFXFeedback>0xFFFFFFAA</modFXFeedback></defaultParams><midiKnobs /><modKnobs><modKnob><controlsParam>pan</controlsParam></modKnob><modKnob><controlsParam>volumePostFX</controlsParam></modKnob><modKnob><controlsParam>lpfResonance</controlsParam></modKnob><modKnob><controlsParam>lpfFrequency</controlsParam></modKnob><modKnob><controlsParam>env1Release</controlsParam></modKnob><modKnob><controlsParam>env1Attack</controlsParam></modKnob><modKnob><controlsParam>delayFeedback</controlsParam></modKnob><modKnob><controlsParam>delayRate</controlsParam></modKnob><modKnob><controlsParam>reverbAmount</controlsParam></modKnob><modKnob><controlsParam>volumePostReverbSend</controlsParam><patchAmountFromSource>compressor</patchAmountFromSource></modKnob><modKnob><controlsParam>pitch</controlsParam><patchAmountFromSource>lfo1</patchAmountFromSource></modKnob><modKnob><controlsParam>lfo1Rate</controlsParam></modKnob><modKnob><controlsParam>pitch</controlsParam></modKnob><modKnob><controlsParam>stutterRate</controlsParam></modKnob><modKnob><controlsParam>bitcrushAmount</controlsParam></modKnob><modKnob><controlsParam>sampleRateReduction</controlsParam></modKnob></modKnobs></sound><sound><name>09</name><osc1><type>sample</type><transpose>0</transpose><cents>0</cents><loopMode>0</loopMode><reversed>0</reversed><timeStretchEnable>0</timeStretchEnable><timeStretchAmount>0</timeStretchAmount><fileName>SAMPLES/ARTISTS/Stefanie Franciotti/09.wav</fileName><zone><startMilliseconds>0</startMilliseconds><endMilliseconds>1500</endMilliseconds></zone></osc1><osc2><type>square</type><transpose>0</transpose><cents>0</cents><retrigPhase>0</retrigPhase></osc2><polyphonic>0</polyphonic><clippingAmount>0</clippingAmount><voicePriority>1</voicePriority><lfo1><type>sine</type><syncLevel>0</syncLevel></lfo1><lfo2><type>sine</type></lfo2><mode>subtractive</mode><unison><num>1</num><detune>16</detune></unison><compressor><syncLevel>6</syncLevel><attack>168220</attack><release>936</release></compressor><delay><pingPong>1</pingPong><analog>1</analog><syncLevel>7</syncLevel></delay><lpfMode>12dB</lpfMode><modFXType>none</modFXType><defaultParams><arpeggiatorGate>0x00000000</arpeggiatorGate><portamento>0x80000000</portamento><compressorShape>0xDC28F5B2</compressorShape><oscAVolume>0x7FFFFFD2</oscAVolume><oscAPulseWidth>0x00000000</oscAPulseWidth><oscBVolume>0x80000000</oscBVolume><oscBPulseWidth>0x00000000</oscBPulseWidth><noiseVolume>0x80000000</noiseVolume><volume>0x7C000000</volume><pan>0x00000000</pan><lpfFrequency>0x7FFFFFD2</lpfFrequency><lpfResonance>0xFFFFFFE9</lpfResonance><hpfFrequency>0x80000000</hpfFrequency><hpfResonance>0x80000000</hpfResonance><envelope1><attack>0x86000000</attack><decay>0xE6666654</decay><sustain>0x7FFFFFD2</sustain><release>0x8C000000</release></envelope1><envelope2><attack>0xE6666654</attack><decay>0xE6666654</decay><sustain>0xFFFFFFE9</sustain><release>0xE6666654</release></envelope2><lfo1Rate>0xFFFFFFE9</lfo1Rate><lfo2Rate>0xFFFFFFE9</lfo2Rate><modulator1Amount>0x80000000</modulator1Amount><modulator1Feedback>0x80000000</modulator1Feedback><modulator2Amount>0x80000000</modulator2Amount><modulator2Feedback>0x80000000</modulator2Feedback><carrier1Feedback>0x80000000</carrier1Feedback><carrier2Feedback>0x80000000</carrier2Feedback><modFXRate>0x09B16D25</modFXRate><modFXDepth>0x2BF463AC</modFXDepth><delayRate>0x00000000</delayRate><delayFeedback>0x80000000</delayFeedback><reverbAmount>0x80000000</reverbAmount><arpeggiatorRate>0x00000000</arpeggiatorRate><patchCables><patchCable><source>velocity</source><destination>volume</destination><amount>0x3FFFFFE8</amount></patchCable></patchCables><stutterRate>0x00000000</stutterRate><sampleRateReduction>0x80000000</sampleRateReduction><bitCrush>0x80000000</bitCrush><equalizer><bass>0x00000000</bass><treble>0x00000000</treble><bassFrequency>0x00000000</bassFrequency><trebleFrequency>0x00000000</trebleFrequency></equalizer><modFXOffset>0xFFC00000</modFXOffset><modFXFeedback>0xFFFFFFAA</modFXFeedback></defaultParams><midiKnobs /><modKnobs><modKnob><controlsParam>pan</controlsParam></modKnob><modKnob><controlsParam>volumePostFX</controlsParam></modKnob><modKnob><controlsParam>lpfResonance</controlsParam></modKnob><modKnob><controlsParam>lpfFrequency</controlsParam></modKnob><modKnob><controlsParam>env1Release</controlsParam></modKnob><modKnob><controlsParam>env1Attack</controlsParam></modKnob><modKnob><controlsParam>delayFeedback</controlsParam></modKnob><modKnob><controlsParam>delayRate</controlsParam></modKnob><modKnob><controlsParam>reverbAmount</controlsParam></modKnob><modKnob><controlsParam>volumePostReverbSend</controlsParam><patchAmountFromSource>compressor</patchAmountFromSource></modKnob><modKnob><controlsParam>pitch</controlsParam><patchAmountFromSource>lfo1</patchAmountFromSource></modKnob><modKnob><controlsParam>lfo1Rate</controlsParam></modKnob><modKnob><controlsParam>pitch</controlsParam></modKnob><modKnob><controlsParam>stutterRate</controlsParam></modKnob><modKnob><controlsParam>bitcrushAmount</controlsParam></modKnob><modKnob><controlsParam>sampleRateReduction</controlsParam></modKnob></modKnobs></sound><sound><name>10</name><osc1><type>sample</type><transpose>0</transpose><cents>0</cents><loopMode>0</loopMode><reversed>0</reversed><timeStretchEnable>0</timeStretchEnable><timeStretchAmount>0</timeStretchAmount><fileName>SAMPLES/Artists/Stefanie Franciotti/10.wav</fileName><zone><startMilliseconds>0</startMilliseconds><endMilliseconds>1500</endMilliseconds></zone></osc1><osc2><type>square</type><transpose>0</transpose><cents>0</cents><retrigPhase>0</retrigPhase></osc2><polyphonic>0</polyphonic><clippingAmount>0</clippingAmount><voicePriority>1</voicePriority><lfo1><type>sine</type><syncLevel>0</syncLevel></lfo1><lfo2><type>sine</type></lfo2><mode>subtractive</mode><unison><num>1</num><detune>16</detune></unison><compressor><syncLevel>6</syncLevel><attack>168220</attack><release>936</release></compressor><delay><pingPong>1</pingPong><analog>1</analog><syncLevel>7</syncLevel></delay><lpfMode>12dB</lpfMode><modFXType>none</modFXType><defaultParams><arpeggiatorGate>0x00000000</arpeggiatorGate><portamento>0x80000000</portamento><compressorShape>0xDC28F5B2</compressorShape><oscAVolume>0x7FFFFFD2</oscAVolume><oscAPulseWidth>0x00000000</oscAPulseWidth><oscBVolume>0x80000000</oscBVolume><oscBPulseWidth>0x00000000</oscBPulseWidth><noiseVolume>0x80000000</noiseVolume><volume>0x7FFFFFFF</volume><pan>0x00000000</pan><lpfFrequency>0x7FFFFFD2</lpfFrequency><lpfResonance>0xFFFFFFE9</lpfResonance><hpfFrequency>0x80000000</hpfFrequency><hpfResonance>0x80000000</hpfResonance><envelope1><attack>0x80000000</attack><decay>0xE6666654</decay><sustain>0x7FFFFFD2</sustain><release>0x90000000</release></envelope1><envelope2><attack>0xE6666654</attack><decay>0xE6666654</decay><sustain>0xFFFFFFE9</sustain><release>0xE6666654</release></envelope2><lfo1Rate>0xFFFFFFE9</lfo1Rate><lfo2Rate>0xFFFFFFE9</lfo2Rate><modulator1Amount>0x80000000</modulator1Amount><modulator1Feedback>0x80000000</modulator1Feedback><modulator2Amount>0x80000000</modulator2Amount><modulator2Feedback>0x80000000</modulator2Feedback><carrier1Feedback>0x80000000</carrier1Feedback><carrier2Feedback>0x80000000</carrier2Feedback><modFXRate>0x7DDFFECD</modFXRate><modFXDepth>0x2E2C207B</modFXDepth><delayRate>0x00000000</delayRate><delayFeedback>0x80000000</delayFeedback><reverbAmount>0x80000000</reverbAmount><arpeggiatorRate>0x00000000</arpeggiatorRate><patchCables><patchCable><source>velocity</source><destination>volume</destination><amount>0x3FFFFFE8</amount></patchCable></patchCables><stutterRate>0x00000000</stutterRate><sampleRateReduction>0x80000000</sampleRateReduction><bitCrush>0x80000000</bitCrush><equalizer><bass>0x00000000</bass><treble>0x00000000</treble><bassFrequency>0x00000000</bassFrequency><trebleFrequency>0x00000000</trebleFrequency></equalizer><modFXOffset>0xFFC00000</modFXOffset><modFXFeedback>0xFFFFFFAA</modFXFeedback></defaultParams><midiKnobs /><modKnobs><modKnob><controlsParam>pan</controlsParam></modKnob><modKnob><controlsParam>volumePostFX</controlsParam></modKnob><modKnob><controlsParam>lpfResonance</controlsParam></modKnob><modKnob><controlsParam>lpfFrequency</controlsParam></modKnob><modKnob><controlsParam>env1Release</controlsParam></modKnob><modKnob><controlsParam>env1Attack</controlsParam></modKnob><modKnob><controlsParam>delayFeedback</controlsParam></modKnob><modKnob><controlsParam>delayRate</controlsParam></modKnob><modKnob><controlsParam>reverbAmount</controlsParam></modKnob><modKnob><controlsParam>volumePostReverbSend</controlsParam><patchAmountFromSource>compressor</patchAmountFromSource></modKnob><modKnob><controlsParam>pitch</controlsParam><patchAmountFromSource>lfo1</patchAmountFromSource></modKnob><modKnob><controlsParam>lfo1Rate</controlsParam></modKnob><modKnob><controlsParam>pitch</controlsParam></modKnob><modKnob><controlsParam>stutterRate</controlsParam></modKnob><modKnob><controlsParam>bitcrushAmount</controlsParam></modKnob><modKnob><controlsParam>sampleRateReduction</controlsParam></modKnob></modKnobs></sound></soundSources><selectedDrumIndex>7</selectedDrumIndex></kit>