<?xml version="1.0" encoding="UTF-8"?>
<firmwareVersion>1.4.0</firmwareVersion>
<kit>
	<lpfMode>24dB</lpfMode>
	<modFXType>flanger</modFXType>
	<delay>
		<pingPong>1</pingPong>
		<analog>0</analog>
		<syncLevel>7</syncLevel>
	</delay>
	<modFXCurrentParam>feedback</modFXCurrentParam>
	<currentFilterType>lpf</currentFilterType>
	<defaultParams>
		<delay>
			<rate>0x00000000</rate>
			<feedback>0x80000000</feedback>
		</delay>
		<reverbAmount>0x80000000</reverbAmount>
		<volume>0x3504F334</volume>
		<pan>0x00000000</pan>
		<lpf>
			<frequency>0x7FFFFFFF</frequency>
			<resonance>0x80000000</resonance>
		</lpf>
		<hpf>
			<frequency>0x80000000</frequency>
			<resonance>0xC0000000</resonance>
		</hpf>
		<modFXDepth>0x00000000</modFXDepth>
		<modFXRate>0xE0000000</modFXRate>
		<stutterRate>0x00000000</stutterRate>
		<sampleRateReduction>0x80000000</sampleRateReduction>
		<bitCrush>0x80000000</bitCrush>
		<equalizer>
			<bass>0x00000000</bass>
			<treble>0x00000000</treble>
			<bassFrequency>0x00000000</bassFrequency>
			<trebleFrequency>0x00000000</trebleFrequency>
		</equalizer>
		<modFXOffset>0x00000000</modFXOffset>
		<modFXFeedback>0x80000000</modFXFeedback>
	</defaultParams>
	<soundSources>
		<sound>
			<name>1in2</name>
			<osc1>
				<type>sample</type>
				<transpose>0</transpose>
				<cents>0</cents>
				<loopMode>0</loopMode>
				<reversed>0</reversed>
				<timeStretchEnable>0</timeStretchEnable>
				<timeStretchAmount>0</timeStretchAmount>
				<fileName>SAMPLES/_drm/shot/NI Synthetic Drums 2/1inch_one_inch_kickpunch.wav</fileName>
				<zone>
					<startMilliseconds>0</startMilliseconds>
					<endMilliseconds>488</endMilliseconds>
				</zone>
			</osc1>
			<osc2>
				<type>sample</type>
				<transpose>0</transpose>
				<cents>0</cents>
				<loopMode>1</loopMode>
				<reversed>0</reversed>
				<timeStretchEnable>0</timeStretchEnable>
				<timeStretchAmount>0</timeStretchAmount>
				<fileName></fileName>
				<zone>
					<startMilliseconds>0</startMilliseconds>
					<endMilliseconds>9999999</endMilliseconds>
				</zone>
			</osc2>
			<polyphonic>auto</polyphonic>
			<clippingAmount>0</clippingAmount>
			<voicePriority>1</voicePriority>
			<sideChainSend>2147483647</sideChainSend>
			<lfo1>
				<type>sine</type>
				<syncLevel>0</syncLevel>
			</lfo1>
			<lfo2>
				<type>sine</type>
			</lfo2>
			<mode>subtractive</mode>
			<unison>
				<num>1</num>
				<detune>8</detune>
			</unison>
			<compressor>
				<syncLevel>6</syncLevel>
				<attack>327244</attack>
				<release>936</release>
			</compressor>
			<lpfMode>24dB</lpfMode>
			<modFXType>none</modFXType>
			<delay>
				<pingPong>1</pingPong>
				<analog>0</analog>
				<syncLevel>7</syncLevel>
			</delay>
			<defaultParams>
				<arpeggiatorGate>0x00000000</arpeggiatorGate>
				<portamento>0x80000000</portamento>
				<compressorShape>0xDC28F5B2</compressorShape>
				<oscAVolume>0x7FFFFFFF</oscAVolume>
				<oscAPulseWidth>0x00000000</oscAPulseWidth>
				<oscBVolume>0x80000000</oscBVolume>
				<oscBPulseWidth>0x00000000</oscBPulseWidth>
				<noiseVolume>0x80000000</noiseVolume>
				<volume>0x4CCCCCA8</volume>
				<pan>0x00000000</pan>
				<lpfFrequency>0x7FFFFFFF</lpfFrequency>
				<lpfResonance>0x80000000</lpfResonance>
				<hpfFrequency>0x80000000</hpfFrequency>
				<hpfResonance>0x80000000</hpfResonance>
				<envelope1>
					<attack>0x80000000</attack>
					<decay>0xE6666654</decay>
					<sustain>0x7FFFFFD2</sustain>
					<release>0x80000000</release>
				</envelope1>
				<envelope2>
					<attack>0xE6666654</attack>
					<decay>0xE6666654</decay>
					<sustain>0xFFFFFFE9</sustain>
					<release>0xE6666654</release>
				</envelope2>
				<lfo1Rate>0x1999997E</lfo1Rate>
				<lfo2Rate>0x00000000</lfo2Rate>
				<modulator1Amount>0x80000000</modulator1Amount>
				<modulator1Feedback>0x80000000</modulator1Feedback>
				<modulator2Amount>0x80000000</modulator2Amount>
				<modulator2Feedback>0x80000000</modulator2Feedback>
				<carrier1Feedback>0x80000000</carrier1Feedback>
				<carrier2Feedback>0x80000000</carrier2Feedback>
				<modFXRate>0x00000000</modFXRate>
				<modFXDepth>0x00000000</modFXDepth>
				<delayRate>0x00000000</delayRate>
				<delayFeedback>0x80000000</delayFeedback>
				<reverbAmount>0x80000000</reverbAmount>
				<arpeggiatorRate>0x00000000</arpeggiatorRate>
				<patchCables>
					<patchCable>
						<source>velocity</source>
						<destination>volume</destination>
						<amount>0x3FFFFFE8</amount>
					</patchCable>
				</patchCables>
				<stutterRate>0x00000000</stutterRate>
				<sampleRateReduction>0x80000000</sampleRateReduction>
				<bitCrush>0x80000000</bitCrush>
				<equalizer>
					<bass>0x00000000</bass>
					<treble>0x00000000</treble>
					<bassFrequency>0x00000000</bassFrequency>
					<trebleFrequency>0x00000000</trebleFrequency>
				</equalizer>
				<modFXOffset>0x00000000</modFXOffset>
				<modFXFeedback>0x00000000</modFXFeedback>
			</defaultParams>
			<midiKnobs>
			</midiKnobs>
			<modKnobs>
				<modKnob>
					<controlsParam>pan</controlsParam>
				</modKnob>
				<modKnob>
					<controlsParam>volumePostFX</controlsParam>
				</modKnob>
				<modKnob>
					<controlsParam>lpfResonance</controlsParam>
				</modKnob>
				<modKnob>
					<controlsParam>lpfFrequency</controlsParam>
				</modKnob>
				<modKnob>
					<controlsParam>env1Release</controlsParam>
				</modKnob>
				<modKnob>
					<controlsParam>env1Attack</controlsParam>
				</modKnob>
				<modKnob>
					<controlsParam>delayFeedback</controlsParam>
				</modKnob>
				<modKnob>
					<controlsParam>delayRate</controlsParam>
				</modKnob>
				<modKnob>
					<controlsParam>reverbAmount</controlsParam>
				</modKnob>
				<modKnob>
					<controlsParam>volumePostReverbSend</controlsParam>
					<patchAmountFromSource>compressor</patchAmountFromSource>
				</modKnob>
				<modKnob>
					<controlsParam>pitch</controlsParam>
					<patchAmountFromSource>lfo1</patchAmountFromSource>
				</modKnob>
				<modKnob>
					<controlsParam>lfo1Rate</controlsParam>
				</modKnob>
				<modKnob>
					<controlsParam>pitch</controlsParam>
				</modKnob>
				<modKnob>
					<controlsParam>stutterRate</controlsParam>
				</modKnob>
				<modKnob>
					<controlsParam>bitcrushAmount</controlsParam>
				</modKnob>
				<modKnob>
					<controlsParam>sampleRateReduction</controlsParam>
				</modKnob>
			</modKnobs>
		</sound>
		<sound>
			<name>Bre2</name>
			<osc1>
				<type>sample</type>
				<transpose>0</transpose>
				<cents>0</cents>
				<loopMode>0</loopMode>
				<reversed>0</reversed>
				<timeStretchEnable>0</timeStretchEnable>
				<timeStretchAmount>0</timeStretchAmount>
				<fileName>SAMPLES/Artists/Daedelus/Break_4Chop.wav</fileName>
				<zone>
					<startMilliseconds>370</startMilliseconds>
					<endMilliseconds>800</endMilliseconds>
				</zone>
			</osc1>
			<osc2>
				<type>sample</type>
				<transpose>0</transpose>
				<cents>0</cents>
				<loopMode>1</loopMode>
				<reversed>0</reversed>
				<timeStretchEnable>0</timeStretchEnable>
				<timeStretchAmount>0</timeStretchAmount>
				<fileName></fileName>
				<zone>
					<startMilliseconds>0</startMilliseconds>
					<endMilliseconds>9999999</endMilliseconds>
				</zone>
			</osc2>
			<polyphonic>auto</polyphonic>
			<clippingAmount>0</clippingAmount>
			<voicePriority>1</voicePriority>
			<lfo1>
				<type>sine</type>
				<syncLevel>0</syncLevel>
			</lfo1>
			<lfo2>
				<type>sine</type>
			</lfo2>
			<mode>subtractive</mode>
			<unison>
				<num>1</num>
				<detune>8</detune>
			</unison>
			<compressor>
				<syncLevel>6</syncLevel>
				<attack>327244</attack>
				<release>936</release>
			</compressor>
			<lpfMode>24dB</lpfMode>
			<modFXType>none</modFXType>
			<delay>
				<pingPong>1</pingPong>
				<analog>0</analog>
				<syncLevel>7</syncLevel>
			</delay>
			<defaultParams>
				<arpeggiatorGate>0x00000000</arpeggiatorGate>
				<portamento>0x80000000</portamento>
				<compressorShape>0xDC28F5B2</compressorShape>
				<oscAVolume>0x7FFFFFFF</oscAVolume>
				<oscAPulseWidth>0x00000000</oscAPulseWidth>
				<oscBVolume>0x80000000</oscBVolume>
				<oscBPulseWidth>0x00000000</oscBPulseWidth>
				<noiseVolume>0x80000000</noiseVolume>
				<volume>0x4CCCCCA8</volume>
				<pan>0x00000000</pan>
				<lpfFrequency>0x7FFFFFFF</lpfFrequency>
				<lpfResonance>0x80000000</lpfResonance>
				<hpfFrequency>0x80000000</hpfFrequency>
				<hpfResonance>0x80000000</hpfResonance>
				<envelope1>
					<attack>0x80000000</attack>
					<decay>0xE6666654</decay>
					<sustain>0x7FFFFFD2</sustain>
					<release>0x80000000</release>
				</envelope1>
				<envelope2>
					<attack>0xE6666654</attack>
					<decay>0xE6666654</decay>
					<sustain>0xFFFFFFE9</sustain>
					<release>0xE6666654</release>
				</envelope2>
				<lfo1Rate>0x1999997E</lfo1Rate>
				<lfo2Rate>0x00000000</lfo2Rate>
				<modulator1Amount>0x80000000</modulator1Amount>
				<modulator1Feedback>0x80000000</modulator1Feedback>
				<modulator2Amount>0x80000000</modulator2Amount>
				<modulator2Feedback>0x80000000</modulator2Feedback>
				<carrier1Feedback>0x80000000</carrier1Feedback>
				<carrier2Feedback>0x80000000</carrier2Feedback>
				<modFXRate>0x00000000</modFXRate>
				<modFXDepth>0x00000000</modFXDepth>
				<delayRate>0x00000000</delayRate>
				<delayFeedback>0x80000000</delayFeedback>
				<reverbAmount>0x80000000</reverbAmount>
				<arpeggiatorRate>0x00000000</arpeggiatorRate>
				<patchCables>
					<patchCable>
						<source>velocity</source>
						<destination>volume</destination>
						<amount>0x3FFFFFE8</amount>
					</patchCable>
				</patchCables>
				<stutterRate>0x00000000</stutterRate>
				<sampleRateReduction>0x80000000</sampleRateReduction>
				<bitCrush>0x80000000</bitCrush>
				<equalizer>
					<bass>0x00000000</bass>
					<treble>0x00000000</treble>
					<bassFrequency>0x00000000</bassFrequency>
					<trebleFrequency>0x00000000</trebleFrequency>
				</equalizer>
				<modFXOffset>0x00000000</modFXOffset>
				<modFXFeedback>0x00000000</modFXFeedback>
			</defaultParams>
			<midiKnobs>
			</midiKnobs>
			<modKnobs>
				<modKnob>
					<controlsParam>pan</controlsParam>
				</modKnob>
				<modKnob>
					<controlsParam>volumePostFX</controlsParam>
				</modKnob>
				<modKnob>
					<controlsParam>lpfResonance</controlsParam>
				</modKnob>
				<modKnob>
					<controlsParam>lpfFrequency</controlsParam>
				</modKnob>
				<modKnob>
					<controlsParam>env1Release</controlsParam>
				</modKnob>
				<modKnob>
					<controlsParam>env1Attack</controlsParam>
				</modKnob>
				<modKnob>
					<controlsParam>delayFeedback</controlsParam>
				</modKnob>
				<modKnob>
					<controlsParam>delayRate</controlsParam>
				</modKnob>
				<modKnob>
					<controlsParam>reverbAmount</controlsParam>
				</modKnob>
				<modKnob>
					<controlsParam>volumePostReverbSend</controlsParam>
					<patchAmountFromSource>compressor</patchAmountFromSource>
				</modKnob>
				<modKnob>
					<controlsParam>pitch</controlsParam>
					<patchAmountFromSource>lfo1</patchAmountFromSource>
				</modKnob>
				<modKnob>
					<controlsParam>lfo1Rate</controlsParam>
				</modKnob>
				<modKnob>
					<controlsParam>pitch</controlsParam>
				</modKnob>
				<modKnob>
					<controlsParam>stutterRate</controlsParam>
				</modKnob>
				<modKnob>
					<controlsParam>bitcrushAmount</controlsParam>
				</modKnob>
				<modKnob>
					<controlsParam>sampleRateReduction</controlsParam>
				</modKnob>
			</modKnobs>
		</sound>
		<sound>
			<name>Bre3</name>
			<osc1>
				<type>sample</type>
				<transpose>0</transpose>
				<cents>0</cents>
				<loopMode>0</loopMode>
				<reversed>0</reversed>
				<timeStretchEnable>0</timeStretchEnable>
				<timeStretchAmount>0</timeStretchAmount>
				<fileName>SAMPLES/Artists/Daedelus/Break_4Chop.wav</fileName>
				<zone>
					<startMilliseconds>1460</startMilliseconds>
					<endMilliseconds>1691</endMilliseconds>
				</zone>
			</osc1>
			<osc2>
				<type>sample</type>
				<transpose>0</transpose>
				<cents>0</cents>
				<loopMode>1</loopMode>
				<reversed>0</reversed>
				<timeStretchEnable>0</timeStretchEnable>
				<timeStretchAmount>0</timeStretchAmount>
				<fileName></fileName>
				<zone>
					<startMilliseconds>0</startMilliseconds>
					<endMilliseconds>9999999</endMilliseconds>
				</zone>
			</osc2>
			<polyphonic>auto</polyphonic>
			<clippingAmount>0</clippingAmount>
			<voicePriority>1</voicePriority>
			<lfo1>
				<type>sine</type>
				<syncLevel>0</syncLevel>
			</lfo1>
			<lfo2>
				<type>sine</type>
			</lfo2>
			<mode>subtractive</mode>
			<unison>
				<num>1</num>
				<detune>8</detune>
			</unison>
			<compressor>
				<syncLevel>6</syncLevel>
				<attack>327244</attack>
				<release>936</release>
			</compressor>
			<lpfMode>24dB</lpfMode>
			<modFXType>none</modFXType>
			<delay>
				<pingPong>1</pingPong>
				<analog>0</analog>
				<syncLevel>7</syncLevel>
			</delay>
			<defaultParams>
				<arpeggiatorGate>0x00000000</arpeggiatorGate>
				<portamento>0x80000000</portamento>
				<compressorShape>0xDC28F5B2</compressorShape>
				<oscAVolume>0x7FFFFFFF</oscAVolume>
				<oscAPulseWidth>0x00000000</oscAPulseWidth>
				<oscBVolume>0x80000000</oscBVolume>
				<oscBPulseWidth>0x00000000</oscBPulseWidth>
				<noiseVolume>0x80000000</noiseVolume>
				<volume>0x4CCCCCA8</volume>
				<pan>0x00000000</pan>
				<lpfFrequency>0x7FFFFFFF</lpfFrequency>
				<lpfResonance>0x80000000</lpfResonance>
				<hpfFrequency>0x80000000</hpfFrequency>
				<hpfResonance>0x80000000</hpfResonance>
				<envelope1>
					<attack>0x80000000</attack>
					<decay>0xE6666654</decay>
					<sustain>0x7FFFFFD2</sustain>
					<release>0xA3D70A37</release>
				</envelope1>
				<envelope2>
					<attack>0xE6666654</attack>
					<decay>0xE6666654</decay>
					<sustain>0xFFFFFFE9</sustain>
					<release>0xE6666654</release>
				</envelope2>
				<lfo1Rate>0x1999997E</lfo1Rate>
				<lfo2Rate>0x00000000</lfo2Rate>
				<modulator1Amount>0x80000000</modulator1Amount>
				<modulator1Feedback>0x80000000</modulator1Feedback>
				<modulator2Amount>0x80000000</modulator2Amount>
				<modulator2Feedback>0x80000000</modulator2Feedback>
				<carrier1Feedback>0x80000000</carrier1Feedback>
				<carrier2Feedback>0x80000000</carrier2Feedback>
				<modFXRate>0x00000000</modFXRate>
				<modFXDepth>0x00000000</modFXDepth>
				<delayRate>0x00000000</delayRate>
				<delayFeedback>0x80000000</delayFeedback>
				<reverbAmount>0x80000000</reverbAmount>
				<arpeggiatorRate>0x00000000</arpeggiatorRate>
				<patchCables>
					<patchCable>
						<source>velocity</source>
						<destination>volume</destination>
						<amount>0x3FFFFFE8</amount>
					</patchCable>
				</patchCables>
				<stutterRate>0x00000000</stutterRate>
				<sampleRateReduction>0x80000000</sampleRateReduction>
				<bitCrush>0x80000000</bitCrush>
				<equalizer>
					<bass>0x00000000</bass>
					<treble>0x00000000</treble>
					<bassFrequency>0x00000000</bassFrequency>
					<trebleFrequency>0x00000000</trebleFrequency>
				</equalizer>
				<modFXOffset>0x00000000</modFXOffset>
				<modFXFeedback>0x00000000</modFXFeedback>
			</defaultParams>
			<midiKnobs>
			</midiKnobs>
			<modKnobs>
				<modKnob>
					<controlsParam>pan</controlsParam>
				</modKnob>
				<modKnob>
					<controlsParam>volumePostFX</controlsParam>
				</modKnob>
				<modKnob>
					<controlsParam>lpfResonance</controlsParam>
				</modKnob>
				<modKnob>
					<controlsParam>lpfFrequency</controlsParam>
				</modKnob>
				<modKnob>
					<controlsParam>env1Release</controlsParam>
				</modKnob>
				<modKnob>
					<controlsParam>env1Attack</controlsParam>
				</modKnob>
				<modKnob>
					<controlsParam>delayFeedback</controlsParam>
				</modKnob>
				<modKnob>
					<controlsParam>delayRate</controlsParam>
				</modKnob>
				<modKnob>
					<controlsParam>reverbAmount</controlsParam>
				</modKnob>
				<modKnob>
					<controlsParam>volumePostReverbSend</controlsParam>
					<patchAmountFromSource>compressor</patchAmountFromSource>
				</modKnob>
				<modKnob>
					<controlsParam>pitch</controlsParam>
					<patchAmountFromSource>lfo1</patchAmountFromSource>
				</modKnob>
				<modKnob>
					<controlsParam>lfo1Rate</controlsParam>
				</modKnob>
				<modKnob>
					<controlsParam>pitch</controlsParam>
				</modKnob>
				<modKnob>
					<controlsParam>stutterRate</controlsParam>
				</modKnob>
				<modKnob>
					<controlsParam>bitcrushAmount</controlsParam>
				</modKnob>
				<modKnob>
					<controlsParam>sampleRateReduction</controlsParam>
				</modKnob>
			</modKnobs>
		</sound>
		<sound>
			<name>1inc</name>
			<osc1>
				<type>sample</type>
				<transpose>0</transpose>
				<cents>0</cents>
				<loopMode>0</loopMode>
				<reversed>0</reversed>
				<timeStretchEnable>0</timeStretchEnable>
				<timeStretchAmount>0</timeStretchAmount>
				<fileName>SAMPLES/_drm/shot/NI Synthetic Drums 2/1inch_fast_snare.wav</fileName>
				<zone>
					<startMilliseconds>0</startMilliseconds>
					<endMilliseconds>337</endMilliseconds>
				</zone>
			</osc1>
			<osc2>
				<type>sample</type>
				<transpose>0</transpose>
				<cents>0</cents>
				<loopMode>1</loopMode>
				<reversed>0</reversed>
				<timeStretchEnable>0</timeStretchEnable>
				<timeStretchAmount>0</timeStretchAmount>
				<fileName></fileName>
				<zone>
					<startMilliseconds>0</startMilliseconds>
					<endMilliseconds>9999999</endMilliseconds>
				</zone>
			</osc2>
			<polyphonic>auto</polyphonic>
			<clippingAmount>0</clippingAmount>
			<voicePriority>1</voicePriority>
			<lfo1>
				<type>sine</type>
				<syncLevel>0</syncLevel>
			</lfo1>
			<lfo2>
				<type>sine</type>
			</lfo2>
			<mode>subtractive</mode>
			<unison>
				<num>1</num>
				<detune>8</detune>
			</unison>
			<compressor>
				<syncLevel>6</syncLevel>
				<attack>327244</attack>
				<release>936</release>
			</compressor>
			<lpfMode>24dB</lpfMode>
			<modFXType>none</modFXType>
			<delay>
				<pingPong>1</pingPong>
				<analog>0</analog>
				<syncLevel>7</syncLevel>
			</delay>
			<defaultParams>
				<arpeggiatorGate>0x00000000</arpeggiatorGate>
				<portamento>0x80000000</portamento>
				<compressorShape>0xDC28F5B2</compressorShape>
				<oscAVolume>0x7FFFFFFF</oscAVolume>
				<oscAPulseWidth>0x00000000</oscAPulseWidth>
				<oscBVolume>0x80000000</oscBVolume>
				<oscBPulseWidth>0x00000000</oscBPulseWidth>
				<noiseVolume>0x80000000</noiseVolume>
				<volume>0x4CCCCCA8</volume>
				<pan>0x00000000</pan>
				<lpfFrequency>0x7FFFFFFF</lpfFrequency>
				<lpfResonance>0x80000000</lpfResonance>
				<hpfFrequency>0x80000000</hpfFrequency>
				<hpfResonance>0x80000000</hpfResonance>
				<envelope1>
					<attack>0x80000000</attack>
					<decay>0xE6666654</decay>
					<sustain>0x7FFFFFD2</sustain>
					<release>0x80000000</release>
				</envelope1>
				<envelope2>
					<attack>0xE6666654</attack>
					<decay>0xE6666654</decay>
					<sustain>0xFFFFFFE9</sustain>
					<release>0xE6666654</release>
				</envelope2>
				<lfo1Rate>0xE0000000</lfo1Rate>
				<lfo2Rate>0x00000000</lfo2Rate>
				<modulator1Amount>0x80000000</modulator1Amount>
				<modulator1Feedback>0x80000000</modulator1Feedback>
				<modulator2Amount>0x80000000</modulator2Amount>
				<modulator2Feedback>0x80000000</modulator2Feedback>
				<carrier1Feedback>0x80000000</carrier1Feedback>
				<carrier2Feedback>0x80000000</carrier2Feedback>
				<modFXRate>0x00000000</modFXRate>
				<modFXDepth>0x00000000</modFXDepth>
				<delayRate>0x00000000</delayRate>
				<delayFeedback>0x80000000</delayFeedback>
				<reverbAmount>0x1C000000</reverbAmount>
				<arpeggiatorRate>0x00000000</arpeggiatorRate>
				<patchCables>
					<patchCable>
						<source>velocity</source>
						<destination>volume</destination>
						<amount>0x3FFFFFE8</amount>
					</patchCable>
				</patchCables>
				<stutterRate>0x00000000</stutterRate>
				<sampleRateReduction>0x80000000</sampleRateReduction>
				<bitCrush>0x80000000</bitCrush>
				<equalizer>
					<bass>0x00000000</bass>
					<treble>0x00000000</treble>
					<bassFrequency>0x00000000</bassFrequency>
					<trebleFrequency>0x00000000</trebleFrequency>
				</equalizer>
				<modFXOffset>0x00000000</modFXOffset>
				<modFXFeedback>0x00000000</modFXFeedback>
			</defaultParams>
			<midiKnobs>
			</midiKnobs>
			<modKnobs>
				<modKnob>
					<controlsParam>pan</controlsParam>
				</modKnob>
				<modKnob>
					<controlsParam>volumePostFX</controlsParam>
				</modKnob>
				<modKnob>
					<controlsParam>lpfResonance</controlsParam>
				</modKnob>
				<modKnob>
					<controlsParam>lpfFrequency</controlsParam>
				</modKnob>
				<modKnob>
					<controlsParam>env1Release</controlsParam>
				</modKnob>
				<modKnob>
					<controlsParam>env1Attack</controlsParam>
				</modKnob>
				<modKnob>
					<controlsParam>delayFeedback</controlsParam>
				</modKnob>
				<modKnob>
					<controlsParam>delayRate</controlsParam>
				</modKnob>
				<modKnob>
					<controlsParam>reverbAmount</controlsParam>
				</modKnob>
				<modKnob>
					<controlsParam>volumePostReverbSend</controlsParam>
					<patchAmountFromSource>compressor</patchAmountFromSource>
				</modKnob>
				<modKnob>
					<controlsParam>pitch</controlsParam>
					<patchAmountFromSource>lfo1</patchAmountFromSource>
				</modKnob>
				<modKnob>
					<controlsParam>lfo1Rate</controlsParam>
				</modKnob>
				<modKnob>
					<controlsParam>pitch</controlsParam>
				</modKnob>
				<modKnob>
					<controlsParam>stutterRate</controlsParam>
				</modKnob>
				<modKnob>
					<controlsParam>bitcrushAmount</controlsParam>
				</modKnob>
				<modKnob>
					<controlsParam>sampleRateReduction</controlsParam>
				</modKnob>
			</modKnobs>
		</sound>
		<sound>
			<name>MARACA</name>
			<osc1>
				<type>sample</type>
				<transpose>0</transpose>
				<cents>0</cents>
				<loopMode>0</loopMode>
				<reversed>0</reversed>
				<timeStretchEnable>0</timeStretchEnable>
				<timeStretchAmount>0</timeStretchAmount>
				<fileName>SAMPLES/DRUMS/Shaker/808 Maraca.wav</fileName>
				<zone>
					<startMilliseconds>0</startMilliseconds>
					<endMilliseconds>250</endMilliseconds>
				</zone>
			</osc1>
			<osc2>
				<type>sample</type>
				<transpose>0</transpose>
				<cents>0</cents>
				<loopMode>1</loopMode>
				<reversed>0</reversed>
				<timeStretchEnable>0</timeStretchEnable>
				<timeStretchAmount>0</timeStretchAmount>
				<fileName></fileName>
				<zone>
					<startMilliseconds>0</startMilliseconds>
					<endMilliseconds>0</endMilliseconds>
				</zone>
			</osc2>
			<polyphonic>auto</polyphonic>
			<clippingAmount>0</clippingAmount>
			<voicePriority>1</voicePriority>
			<lfo1>
				<type>sine</type>
				<syncLevel>0</syncLevel>
			</lfo1>
			<lfo2>
				<type>sine</type>
			</lfo2>
			<mode>subtractive</mode>
			<unison>
				<num>1</num>
				<detune>8</detune>
			</unison>
			<compressor>
				<syncLevel>6</syncLevel>
				<attack>327244</attack>
				<release>936</release>
			</compressor>
			<lpfMode>24dB</lpfMode>
			<modFXType>none</modFXType>
			<delay>
				<pingPong>1</pingPong>
				<analog>0</analog>
				<syncLevel>7</syncLevel>
			</delay>
			<defaultParams>
				<arpeggiatorGate>0x00000000</arpeggiatorGate>
				<portamento>0x80000000</portamento>
				<compressorShape>0xDC28F5B2</compressorShape>
				<oscAVolume>0x7FFFFFFF</oscAVolume>
				<oscAPulseWidth>0x00000000</oscAPulseWidth>
				<oscBVolume>0x80000000</oscBVolume>
				<oscBPulseWidth>0x00000000</oscBPulseWidth>
				<noiseVolume>0x80000000</noiseVolume>
				<volume>0x3851EB64</volume>
				<pan>0xC4000000</pan>
				<lpfFrequency>0x7FFFFFFF</lpfFrequency>
				<lpfResonance>0x80000000</lpfResonance>
				<hpfFrequency>0x80000000</hpfFrequency>
				<hpfResonance>0x80000000</hpfResonance>
				<envelope1>
					<attack>0x80000000</attack>
					<decay>0xE6666654</decay>
					<sustain>0x7FFFFFD2</sustain>
					<release>0x80000000</release>
				</envelope1>
				<envelope2>
					<attack>0xE6666654</attack>
					<decay>0xE6666654</decay>
					<sustain>0xFFFFFFE9</sustain>
					<release>0xE6666654</release>
				</envelope2>
				<lfo1Rate>0x1999997E</lfo1Rate>
				<lfo2Rate>0x00000000</lfo2Rate>
				<modulator1Amount>0x80000000</modulator1Amount>
				<modulator1Feedback>0x80000000</modulator1Feedback>
				<modulator2Amount>0x80000000</modulator2Amount>
				<modulator2Feedback>0x80000000</modulator2Feedback>
				<carrier1Feedback>0x80000000</carrier1Feedback>
				<carrier2Feedback>0x80000000</carrier2Feedback>
				<modFXRate>0x00000000</modFXRate>
				<modFXDepth>0x00000000</modFXDepth>
				<delayRate>0x00000000</delayRate>
				<delayFeedback>0x80000000</delayFeedback>
				<reverbAmount>0x80000000</reverbAmount>
				<arpeggiatorRate>0x00000000</arpeggiatorRate>
				<patchCables>
					<patchCable>
						<source>velocity</source>
						<destination>volume</destination>
						<amount>0x3FFFFFE8</amount>
					</patchCable>
				</patchCables>
				<stutterRate>0x00000000</stutterRate>
				<sampleRateReduction>0x80000000</sampleRateReduction>
				<bitCrush>0x80000000</bitCrush>
				<equalizer>
					<bass>0x00000000</bass>
					<treble>0x00000000</treble>
					<bassFrequency>0x00000000</bassFrequency>
					<trebleFrequency>0x00000000</trebleFrequency>
				</equalizer>
				<modFXOffset>0x00000000</modFXOffset>
				<modFXFeedback>0x00000000</modFXFeedback>
			</defaultParams>
			<midiKnobs>
			</midiKnobs>
			<modKnobs>
				<modKnob>
					<controlsParam>pan</controlsParam>
				</modKnob>
				<modKnob>
					<controlsParam>volumePostFX</controlsParam>
				</modKnob>
				<modKnob>
					<controlsParam>lpfResonance</controlsParam>
				</modKnob>
				<modKnob>
					<controlsParam>lpfFrequency</controlsParam>
				</modKnob>
				<modKnob>
					<controlsParam>env1Release</controlsParam>
				</modKnob>
				<modKnob>
					<controlsParam>env1Attack</controlsParam>
				</modKnob>
				<modKnob>
					<controlsParam>delayFeedback</controlsParam>
				</modKnob>
				<modKnob>
					<controlsParam>delayRate</controlsParam>
				</modKnob>
				<modKnob>
					<controlsParam>reverbAmount</controlsParam>
				</modKnob>
				<modKnob>
					<controlsParam>volumePostReverbSend</controlsParam>
					<patchAmountFromSource>compressor</patchAmountFromSource>
				</modKnob>
				<modKnob>
					<controlsParam>pitch</controlsParam>
					<patchAmountFromSource>lfo1</patchAmountFromSource>
				</modKnob>
				<modKnob>
					<controlsParam>lfo1Rate</controlsParam>
				</modKnob>
				<modKnob>
					<controlsParam>pitch</controlsParam>
				</modKnob>
				<modKnob>
					<controlsParam>stutterRate</controlsParam>
				</modKnob>
				<modKnob>
					<controlsParam>bitcrushAmount</controlsParam>
				</modKnob>
				<modKnob>
					<controlsParam>sampleRateReduction</controlsParam>
				</modKnob>
			</modKnobs>
		</sound>
		<sound>
			<name>Bre4</name>
			<osc1>
				<type>sample</type>
				<transpose>0</transpose>
				<cents>0</cents>
				<loopMode>0</loopMode>
				<reversed>0</reversed>
				<timeStretchEnable>0</timeStretchEnable>
				<timeStretchAmount>0</timeStretchAmount>
				<fileName>SAMPLES/Artists/Daedelus/Break_4Chop.wav</fileName>
				<zone>
					<startMilliseconds>1116</startMilliseconds>
					<endMilliseconds>1321</endMilliseconds>
				</zone>
			</osc1>
			<osc2>
				<type>sample</type>
				<transpose>0</transpose>
				<cents>0</cents>
				<loopMode>1</loopMode>
				<reversed>0</reversed>
				<timeStretchEnable>0</timeStretchEnable>
				<timeStretchAmount>0</timeStretchAmount>
				<fileName></fileName>
				<zone>
					<startMilliseconds>0</startMilliseconds>
					<endMilliseconds>9999999</endMilliseconds>
				</zone>
			</osc2>
			<polyphonic>auto</polyphonic>
			<clippingAmount>0</clippingAmount>
			<voicePriority>1</voicePriority>
			<lfo1>
				<type>sine</type>
				<syncLevel>0</syncLevel>
			</lfo1>
			<lfo2>
				<type>sine</type>
			</lfo2>
			<mode>subtractive</mode>
			<unison>
				<num>1</num>
				<detune>8</detune>
			</unison>
			<compressor>
				<syncLevel>6</syncLevel>
				<attack>327244</attack>
				<release>936</release>
			</compressor>
			<lpfMode>24dB</lpfMode>
			<modFXType>none</modFXType>
			<delay>
				<pingPong>1</pingPong>
				<analog>0</analog>
				<syncLevel>7</syncLevel>
			</delay>
			<defaultParams>
				<arpeggiatorGate>0x00000000</arpeggiatorGate>
				<portamento>0x80000000</portamento>
				<compressorShape>0xDC28F5B2</compressorShape>
				<oscAVolume>0x7FFFFFFF</oscAVolume>
				<oscAPulseWidth>0x00000000</oscAPulseWidth>
				<oscBVolume>0x80000000</oscBVolume>
				<oscBPulseWidth>0x00000000</oscBPulseWidth>
				<noiseVolume>0x80000000</noiseVolume>
				<volume>0x4CCCCCA8</volume>
				<pan>0x00000000</pan>
				<lpfFrequency>0x5C000000</lpfFrequency>
				<lpfResonance>0x80000000</lpfResonance>
				<hpfFrequency>0x80000000</hpfFrequency>
				<hpfResonance>0x80000000</hpfResonance>
				<envelope1>
					<attack>0x80000000</attack>
					<decay>0xE6666654</decay>
					<sustain>0x7FFFFFD2</sustain>
					<release>0x80000000</release>
				</envelope1>
				<envelope2>
					<attack>0xE6666654</attack>
					<decay>0xE6666654</decay>
					<sustain>0xFFFFFFE9</sustain>
					<release>0xE6666654</release>
				</envelope2>
				<lfo1Rate>0x1999997E</lfo1Rate>
				<lfo2Rate>0x00000000</lfo2Rate>
				<modulator1Amount>0x80000000</modulator1Amount>
				<modulator1Feedback>0x80000000</modulator1Feedback>
				<modulator2Amount>0x80000000</modulator2Amount>
				<modulator2Feedback>0x80000000</modulator2Feedback>
				<carrier1Feedback>0x80000000</carrier1Feedback>
				<carrier2Feedback>0x80000000</carrier2Feedback>
				<modFXRate>0x00000000</modFXRate>
				<modFXDepth>0x00000000</modFXDepth>
				<delayRate>0x00000000</delayRate>
				<delayFeedback>0x80000000</delayFeedback>
				<reverbAmount>0x80000000</reverbAmount>
				<arpeggiatorRate>0x00000000</arpeggiatorRate>
				<patchCables>
					<patchCable>
						<source>velocity</source>
						<destination>volume</destination>
						<amount>0x3FFFFFE8</amount>
					</patchCable>
				</patchCables>
				<stutterRate>0x00000000</stutterRate>
				<sampleRateReduction>0x80000000</sampleRateReduction>
				<bitCrush>0x80000000</bitCrush>
				<equalizer>
					<bass>0x00000000</bass>
					<treble>0x00000000</treble>
					<bassFrequency>0x00000000</bassFrequency>
					<trebleFrequency>0x00000000</trebleFrequency>
				</equalizer>
				<modFXOffset>0x00000000</modFXOffset>
				<modFXFeedback>0x00000000</modFXFeedback>
			</defaultParams>
			<midiKnobs>
			</midiKnobs>
			<modKnobs>
				<modKnob>
					<controlsParam>pan</controlsParam>
				</modKnob>
				<modKnob>
					<controlsParam>volumePostFX</controlsParam>
				</modKnob>
				<modKnob>
					<controlsParam>lpfResonance</controlsParam>
				</modKnob>
				<modKnob>
					<controlsParam>lpfFrequency</controlsParam>
				</modKnob>
				<modKnob>
					<controlsParam>env1Release</controlsParam>
				</modKnob>
				<modKnob>
					<controlsParam>env1Attack</controlsParam>
				</modKnob>
				<modKnob>
					<controlsParam>delayFeedback</controlsParam>
				</modKnob>
				<modKnob>
					<controlsParam>delayRate</controlsParam>
				</modKnob>
				<modKnob>
					<controlsParam>reverbAmount</controlsParam>
				</modKnob>
				<modKnob>
					<controlsParam>volumePostReverbSend</controlsParam>
					<patchAmountFromSource>compressor</patchAmountFromSource>
				</modKnob>
				<modKnob>
					<controlsParam>pitch</controlsParam>
					<patchAmountFromSource>lfo1</patchAmountFromSource>
				</modKnob>
				<modKnob>
					<controlsParam>lfo1Rate</controlsParam>
				</modKnob>
				<modKnob>
					<controlsParam>pitch</controlsParam>
				</modKnob>
				<modKnob>
					<controlsParam>stutterRate</controlsParam>
				</modKnob>
				<modKnob>
					<controlsParam>bitcrushAmount</controlsParam>
				</modKnob>
				<modKnob>
					<controlsParam>sampleRateReduction</controlsParam>
				</modKnob>
			</modKnobs>
		</sound>
		<sound>
			<name>CLAV</name>
			<osc1>
				<type>sample</type>
				<transpose>0</transpose>
				<cents>0</cents>
				<loopMode>1</loopMode>
				<reversed>0</reversed>
				<timeStretchEnable>0</timeStretchEnable>
				<timeStretchAmount>0</timeStretchAmount>
				<fileName>SAMPLES/DRUMS/Claves/808 Claves.wav</fileName>
				<zone>
					<startMilliseconds>0</startMilliseconds>
					<endMilliseconds>250</endMilliseconds>
				</zone>
			</osc1>
			<osc2>
				<type>sample</type>
				<transpose>0</transpose>
				<cents>0</cents>
				<loopMode>1</loopMode>
				<reversed>0</reversed>
				<timeStretchEnable>0</timeStretchEnable>
				<timeStretchAmount>0</timeStretchAmount>
				<fileName></fileName>
				<zone>
					<startMilliseconds>0</startMilliseconds>
					<endMilliseconds>0</endMilliseconds>
				</zone>
			</osc2>
			<polyphonic>auto</polyphonic>
			<clippingAmount>0</clippingAmount>
			<voicePriority>1</voicePriority>
			<lfo1>
				<type>sine</type>
				<syncLevel>0</syncLevel>
			</lfo1>
			<lfo2>
				<type>sine</type>
			</lfo2>
			<mode>subtractive</mode>
			<unison>
				<num>1</num>
				<detune>8</detune>
			</unison>
			<compressor>
				<syncLevel>6</syncLevel>
				<attack>327244</attack>
				<release>936</release>
			</compressor>
			<lpfMode>24dB</lpfMode>
			<modFXType>none</modFXType>
			<delay>
				<pingPong>1</pingPong>
				<analog>0</analog>
				<syncLevel>7</syncLevel>
			</delay>
			<defaultParams>
				<arpeggiatorGate>0x00000000</arpeggiatorGate>
				<portamento>0x80000000</portamento>
				<compressorShape>0xDC28F5B2</compressorShape>
				<oscAVolume>0x7FFFFFFF</oscAVolume>
				<oscAPulseWidth>0x00000000</oscAPulseWidth>
				<oscBVolume>0x80000000</oscBVolume>
				<oscBPulseWidth>0x00000000</oscBPulseWidth>
				<noiseVolume>0x80000000</noiseVolume>
				<volume>0x3851EB64</volume>
				<pan>0x50000000</pan>
				<lpfFrequency>0x7FFFFFFF</lpfFrequency>
				<lpfResonance>0x80000000</lpfResonance>
				<hpfFrequency>0x80000000</hpfFrequency>
				<hpfResonance>0x80000000</hpfResonance>
				<envelope1>
					<attack>0x80000000</attack>
					<decay>0xE6666654</decay>
					<sustain>0x7FFFFFD2</sustain>
					<release>0x80000000</release>
				</envelope1>
				<envelope2>
					<attack>0xE6666654</attack>
					<decay>0xE6666654</decay>
					<sustain>0xFFFFFFE9</sustain>
					<release>0xE6666654</release>
				</envelope2>
				<lfo1Rate>0x1999997E</lfo1Rate>
				<lfo2Rate>0x00000000</lfo2Rate>
				<modulator1Amount>0x80000000</modulator1Amount>
				<modulator1Feedback>0x80000000</modulator1Feedback>
				<modulator2Amount>0x80000000</modulator2Amount>
				<modulator2Feedback>0x80000000</modulator2Feedback>
				<carrier1Feedback>0x80000000</carrier1Feedback>
				<carrier2Feedback>0x80000000</carrier2Feedback>
				<modFXRate>0x00000000</modFXRate>
				<modFXDepth>0x00000000</modFXDepth>
				<delayRate>0x00000000</delayRate>
				<delayFeedback>0x80000000</delayFeedback>
				<reverbAmount>0x80000000</reverbAmount>
				<arpeggiatorRate>0x00000000</arpeggiatorRate>
				<patchCables>
					<patchCable>
						<source>velocity</source>
						<destination>volume</destination>
						<amount>0x3FFFFFE8</amount>
					</patchCable>
				</patchCables>
				<stutterRate>0x00000000</stutterRate>
				<sampleRateReduction>0x80000000</sampleRateReduction>
				<bitCrush>0x80000000</bitCrush>
				<equalizer>
					<bass>0x00000000</bass>
					<treble>0x00000000</treble>
					<bassFrequency>0x00000000</bassFrequency>
					<trebleFrequency>0x00000000</trebleFrequency>
				</equalizer>
				<modFXOffset>0x00000000</modFXOffset>
				<modFXFeedback>0x00000000</modFXFeedback>
			</defaultParams>
			<midiKnobs>
			</midiKnobs>
			<modKnobs>
				<modKnob>
					<controlsParam>pan</controlsParam>
				</modKnob>
				<modKnob>
					<controlsParam>volumePostFX</controlsParam>
				</modKnob>
				<modKnob>
					<controlsParam>lpfResonance</controlsParam>
				</modKnob>
				<modKnob>
					<controlsParam>lpfFrequency</controlsParam>
				</modKnob>
				<modKnob>
					<controlsParam>env1Release</controlsParam>
				</modKnob>
				<modKnob>
					<controlsParam>env1Attack</controlsParam>
				</modKnob>
				<modKnob>
					<controlsParam>delayFeedback</controlsParam>
				</modKnob>
				<modKnob>
					<controlsParam>delayRate</controlsParam>
				</modKnob>
				<modKnob>
					<controlsParam>reverbAmount</controlsParam>
				</modKnob>
				<modKnob>
					<controlsParam>volumePostReverbSend</controlsParam>
					<patchAmountFromSource>compressor</patchAmountFromSource>
				</modKnob>
				<modKnob>
					<controlsParam>pitch</controlsParam>
					<patchAmountFromSource>lfo1</patchAmountFromSource>
				</modKnob>
				<modKnob>
					<controlsParam>lfo1Rate</controlsParam>
				</modKnob>
				<modKnob>
					<controlsParam>pitch</controlsParam>
				</modKnob>
				<modKnob>
					<controlsParam>stutterRate</controlsParam>
				</modKnob>
				<modKnob>
					<controlsParam>bitcrushAmount</controlsParam>
				</modKnob>
				<modKnob>
					<controlsParam>sampleRateReduction</controlsParam>
				</modKnob>
			</modKnobs>
		</sound>
		<sound>
			<name>CLAP</name>
			<osc1>
				<type>sample</type>
				<transpose>0</transpose>
				<cents>0</cents>
				<loopMode>1</loopMode>
				<reversed>0</reversed>
				<timeStretchEnable>0</timeStretchEnable>
				<timeStretchAmount>0</timeStretchAmount>
				<fileName>SAMPLES/DRUMS/Clap/808 Clap.wav</fileName>
				<zone>
					<startMilliseconds>0</startMilliseconds>
					<endMilliseconds>2001</endMilliseconds>
				</zone>
			</osc1>
			<osc2>
				<type>sample</type>
				<transpose>0</transpose>
				<cents>0</cents>
				<loopMode>1</loopMode>
				<reversed>0</reversed>
				<timeStretchEnable>0</timeStretchEnable>
				<timeStretchAmount>0</timeStretchAmount>
				<fileName></fileName>
				<zone>
					<startMilliseconds>0</startMilliseconds>
					<endMilliseconds>0</endMilliseconds>
				</zone>
			</osc2>
			<polyphonic>auto</polyphonic>
			<clippingAmount>0</clippingAmount>
			<voicePriority>1</voicePriority>
			<lfo1>
				<type>sine</type>
				<syncLevel>0</syncLevel>
			</lfo1>
			<lfo2>
				<type>sine</type>
			</lfo2>
			<mode>subtractive</mode>
			<unison>
				<num>1</num>
				<detune>8</detune>
			</unison>
			<compressor>
				<syncLevel>6</syncLevel>
				<attack>327244</attack>
				<release>936</release>
			</compressor>
			<lpfMode>24dB</lpfMode>
			<modFXType>none</modFXType>
			<delay>
				<pingPong>1</pingPong>
				<analog>0</analog>
				<syncLevel>7</syncLevel>
			</delay>
			<defaultParams>
				<arpeggiatorGate>0x00000000</arpeggiatorGate>
				<portamento>0x80000000</portamento>
				<compressorShape>0xDC28F5B2</compressorShape>
				<oscAVolume>0x7FFFFFFF</oscAVolume>
				<oscAPulseWidth>0x00000000</oscAPulseWidth>
				<oscBVolume>0x80000000</oscBVolume>
				<oscBPulseWidth>0x00000000</oscBPulseWidth>
				<noiseVolume>0x80000000</noiseVolume>
				<volume>0x6A000000</volume>
				<pan>0x00000000</pan>
				<lpfFrequency>0x7FFFFFFF</lpfFrequency>
				<lpfResonance>0x80000000</lpfResonance>
				<hpfFrequency>0x80000000</hpfFrequency>
				<hpfResonance>0x80000000</hpfResonance>
				<envelope1>
					<attack>0x80000000</attack>
					<decay>0xE6666654</decay>
					<sustain>0x7FFFFFD2</sustain>
					<release>0x80000000</release>
				</envelope1>
				<envelope2>
					<attack>0xE6666654</attack>
					<decay>0xE6666654</decay>
					<sustain>0xFFFFFFE9</sustain>
					<release>0xE6666654</release>
				</envelope2>
				<lfo1Rate>0x1999997E</lfo1Rate>
				<lfo2Rate>0x00000000</lfo2Rate>
				<modulator1Amount>0x80000000</modulator1Amount>
				<modulator1Feedback>0x80000000</modulator1Feedback>
				<modulator2Amount>0x80000000</modulator2Amount>
				<modulator2Feedback>0x80000000</modulator2Feedback>
				<carrier1Feedback>0x80000000</carrier1Feedback>
				<carrier2Feedback>0x80000000</carrier2Feedback>
				<modFXRate>0x00000000</modFXRate>
				<modFXDepth>0x00000000</modFXDepth>
				<delayRate>0x00000000</delayRate>
				<delayFeedback>0x80000000</delayFeedback>
				<reverbAmount>0x80000000</reverbAmount>
				<arpeggiatorRate>0x00000000</arpeggiatorRate>
				<patchCables>
					<patchCable>
						<source>velocity</source>
						<destination>volume</destination>
						<amount>0x3FFFFFE8</amount>
					</patchCable>
				</patchCables>
				<stutterRate>0x00000000</stutterRate>
				<sampleRateReduction>0x80000000</sampleRateReduction>
				<bitCrush>0x80000000</bitCrush>
				<equalizer>
					<bass>0x00000000</bass>
					<treble>0x00000000</treble>
					<bassFrequency>0x00000000</bassFrequency>
					<trebleFrequency>0x00000000</trebleFrequency>
				</equalizer>
				<modFXOffset>0x00000000</modFXOffset>
				<modFXFeedback>0x00000000</modFXFeedback>
			</defaultParams>
			<midiKnobs>
			</midiKnobs>
			<modKnobs>
				<modKnob>
					<controlsParam>pan</controlsParam>
				</modKnob>
				<modKnob>
					<controlsParam>volumePostFX</controlsParam>
				</modKnob>
				<modKnob>
					<controlsParam>lpfResonance</controlsParam>
				</modKnob>
				<modKnob>
					<controlsParam>lpfFrequency</controlsParam>
				</modKnob>
				<modKnob>
					<controlsParam>env1Release</controlsParam>
				</modKnob>
				<modKnob>
					<controlsParam>env1Attack</controlsParam>
				</modKnob>
				<modKnob>
					<controlsParam>delayFeedback</controlsParam>
				</modKnob>
				<modKnob>
					<controlsParam>delayRate</controlsParam>
				</modKnob>
				<modKnob>
					<controlsParam>reverbAmount</controlsParam>
				</modKnob>
				<modKnob>
					<controlsParam>volumePostReverbSend</controlsParam>
					<patchAmountFromSource>compressor</patchAmountFromSource>
				</modKnob>
				<modKnob>
					<controlsParam>pitch</controlsParam>
					<patchAmountFromSource>lfo1</patchAmountFromSource>
				</modKnob>
				<modKnob>
					<controlsParam>lfo1Rate</controlsParam>
				</modKnob>
				<modKnob>
					<controlsParam>pitch</controlsParam>
				</modKnob>
				<modKnob>
					<controlsParam>stutterRate</controlsParam>
				</modKnob>
				<modKnob>
					<controlsParam>bitcrushAmount</controlsParam>
				</modKnob>
				<modKnob>
					<controlsParam>sampleRateReduction</controlsParam>
				</modKnob>
			</modKnobs>
		</sound>
		<sound>
			<name>CRAS</name>
			<osc1>
				<type>sample</type>
				<transpose>0</transpose>
				<cents>0</cents>
				<loopMode>1</loopMode>
				<reversed>0</reversed>
				<timeStretchEnable>0</timeStretchEnable>
				<timeStretchAmount>0</timeStretchAmount>
				<fileName>SAMPLES/DRUMS/Crash/808 Cymbal.wav</fileName>
				<zone>
					<startMilliseconds>0</startMilliseconds>
					<endMilliseconds>1501</endMilliseconds>
				</zone>
			</osc1>
			<osc2>
				<type>sample</type>
				<transpose>0</transpose>
				<cents>0</cents>
				<loopMode>1</loopMode>
				<reversed>0</reversed>
				<timeStretchEnable>0</timeStretchEnable>
				<timeStretchAmount>0</timeStretchAmount>
				<fileName></fileName>
				<zone>
					<startMilliseconds>0</startMilliseconds>
					<endMilliseconds>0</endMilliseconds>
				</zone>
			</osc2>
			<polyphonic>auto</polyphonic>
			<clippingAmount>0</clippingAmount>
			<voicePriority>1</voicePriority>
			<lfo1>
				<type>sine</type>
				<syncLevel>0</syncLevel>
			</lfo1>
			<lfo2>
				<type>sine</type>
			</lfo2>
			<mode>subtractive</mode>
			<unison>
				<num>1</num>
				<detune>8</detune>
			</unison>
			<compressor>
				<syncLevel>6</syncLevel>
				<attack>327244</attack>
				<release>936</release>
			</compressor>
			<lpfMode>24dB</lpfMode>
			<modFXType>none</modFXType>
			<delay>
				<pingPong>1</pingPong>
				<analog>0</analog>
				<syncLevel>7</syncLevel>
			</delay>
			<defaultParams>
				<arpeggiatorGate>0x00000000</arpeggiatorGate>
				<portamento>0x80000000</portamento>
				<compressorShape>0xDC28F5B2</compressorShape>
				<oscAVolume>0x7FFFFFFF</oscAVolume>
				<oscAPulseWidth>0x00000000</oscAPulseWidth>
				<oscBVolume>0x80000000</oscBVolume>
				<oscBPulseWidth>0x00000000</oscBPulseWidth>
				<noiseVolume>0x80000000</noiseVolume>
				<volume>0x58000000</volume>
				<pan>0xDC000000</pan>
				<lpfFrequency>0x7FFFFFFF</lpfFrequency>
				<lpfResonance>0x80000000</lpfResonance>
				<hpfFrequency>0x80000000</hpfFrequency>
				<hpfResonance>0x80000000</hpfResonance>
				<envelope1>
					<attack>0x80000000</attack>
					<decay>0xE6666654</decay>
					<sustain>0x7FFFFFD2</sustain>
					<release>0x80000000</release>
				</envelope1>
				<envelope2>
					<attack>0xE6666654</attack>
					<decay>0xE6666654</decay>
					<sustain>0xFFFFFFE9</sustain>
					<release>0xE6666654</release>
				</envelope2>
				<lfo1Rate>0x1999997E</lfo1Rate>
				<lfo2Rate>0x00000000</lfo2Rate>
				<modulator1Amount>0x80000000</modulator1Amount>
				<modulator1Feedback>0x80000000</modulator1Feedback>
				<modulator2Amount>0x80000000</modulator2Amount>
				<modulator2Feedback>0x80000000</modulator2Feedback>
				<carrier1Feedback>0x80000000</carrier1Feedback>
				<carrier2Feedback>0x80000000</carrier2Feedback>
				<modFXRate>0x00000000</modFXRate>
				<modFXDepth>0x00000000</modFXDepth>
				<delayRate>0x00000000</delayRate>
				<delayFeedback>0x80000000</delayFeedback>
				<reverbAmount>0x80000000</reverbAmount>
				<arpeggiatorRate>0x00000000</arpeggiatorRate>
				<patchCables>
					<patchCable>
						<source>velocity</source>
						<destination>volume</destination>
						<amount>0x3FFFFFE8</amount>
					</patchCable>
				</patchCables>
				<stutterRate>0x00000000</stutterRate>
				<sampleRateReduction>0x80000000</sampleRateReduction>
				<bitCrush>0x80000000</bitCrush>
				<equalizer>
					<bass>0x00000000</bass>
					<treble>0x00000000</treble>
					<bassFrequency>0x00000000</bassFrequency>
					<trebleFrequency>0x00000000</trebleFrequency>
				</equalizer>
				<modFXOffset>0x00000000</modFXOffset>
				<modFXFeedback>0x00000000</modFXFeedback>
			</defaultParams>
			<midiKnobs>
			</midiKnobs>
			<modKnobs>
				<modKnob>
					<controlsParam>pan</controlsParam>
				</modKnob>
				<modKnob>
					<controlsParam>volumePostFX</controlsParam>
				</modKnob>
				<modKnob>
					<controlsParam>lpfResonance</controlsParam>
				</modKnob>
				<modKnob>
					<controlsParam>lpfFrequency</controlsParam>
				</modKnob>
				<modKnob>
					<controlsParam>env1Release</controlsParam>
				</modKnob>
				<modKnob>
					<controlsParam>env1Attack</controlsParam>
				</modKnob>
				<modKnob>
					<controlsParam>delayFeedback</controlsParam>
				</modKnob>
				<modKnob>
					<controlsParam>delayRate</controlsParam>
				</modKnob>
				<modKnob>
					<controlsParam>reverbAmount</controlsParam>
				</modKnob>
				<modKnob>
					<controlsParam>volumePostReverbSend</controlsParam>
					<patchAmountFromSource>compressor</patchAmountFromSource>
				</modKnob>
				<modKnob>
					<controlsParam>pitch</controlsParam>
					<patchAmountFromSource>lfo1</patchAmountFromSource>
				</modKnob>
				<modKnob>
					<controlsParam>lfo1Rate</controlsParam>
				</modKnob>
				<modKnob>
					<controlsParam>pitch</controlsParam>
				</modKnob>
				<modKnob>
					<controlsParam>stutterRate</controlsParam>
				</modKnob>
				<modKnob>
					<controlsParam>bitcrushAmount</controlsParam>
				</modKnob>
				<modKnob>
					<controlsParam>sampleRateReduction</controlsParam>
				</modKnob>
			</modKnobs>
		</sound>
		<sound>
			<name>COWB</name>
			<osc1>
				<type>sample</type>
				<transpose>0</transpose>
				<cents>0</cents>
				<loopMode>1</loopMode>
				<reversed>0</reversed>
				<timeStretchEnable>0</timeStretchEnable>
				<timeStretchAmount>0</timeStretchAmount>
				<fileName>SAMPLES/DRUMS/Cowbell/808 Cowbell.wav</fileName>
				<zone>
					<startMilliseconds>28</startMilliseconds>
					<endMilliseconds>392</endMilliseconds>
				</zone>
			</osc1>
			<osc2>
				<type>sample</type>
				<transpose>0</transpose>
				<cents>0</cents>
				<loopMode>1</loopMode>
				<reversed>0</reversed>
				<timeStretchEnable>0</timeStretchEnable>
				<timeStretchAmount>0</timeStretchAmount>
				<fileName></fileName>
				<zone>
					<startMilliseconds>0</startMilliseconds>
					<endMilliseconds>0</endMilliseconds>
				</zone>
			</osc2>
			<polyphonic>auto</polyphonic>
			<clippingAmount>0</clippingAmount>
			<voicePriority>1</voicePriority>
			<lfo1>
				<type>sine</type>
				<syncLevel>0</syncLevel>
			</lfo1>
			<lfo2>
				<type>sine</type>
			</lfo2>
			<mode>subtractive</mode>
			<unison>
				<num>1</num>
				<detune>8</detune>
			</unison>
			<compressor>
				<syncLevel>6</syncLevel>
				<attack>327244</attack>
				<release>936</release>
			</compressor>
			<lpfMode>24dB</lpfMode>
			<modFXType>none</modFXType>
			<delay>
				<pingPong>1</pingPong>
				<analog>0</analog>
				<syncLevel>7</syncLevel>
			</delay>
			<defaultParams>
				<arpeggiatorGate>0x00000000</arpeggiatorGate>
				<portamento>0x80000000</portamento>
				<compressorShape>0xDC28F5B2</compressorShape>
				<oscAVolume>0x7FFFFFFF</oscAVolume>
				<oscAPulseWidth>0x00000000</oscAPulseWidth>
				<oscBVolume>0x80000000</oscBVolume>
				<oscBPulseWidth>0x00000000</oscBPulseWidth>
				<noiseVolume>0x80000000</noiseVolume>
				<volume>0x44000000</volume>
				<pan>0x2A000000</pan>
				<lpfFrequency>0x7FFFFFFF</lpfFrequency>
				<lpfResonance>0x80000000</lpfResonance>
				<hpfFrequency>0x80000000</hpfFrequency>
				<hpfResonance>0x80000000</hpfResonance>
				<envelope1>
					<attack>0x80000000</attack>
					<decay>0xE6666654</decay>
					<sustain>0x7FFFFFD2</sustain>
					<release>0x80000000</release>
				</envelope1>
				<envelope2>
					<attack>0xE6666654</attack>
					<decay>0xE6666654</decay>
					<sustain>0xFFFFFFE9</sustain>
					<release>0xE6666654</release>
				</envelope2>
				<lfo1Rate>0x1999997E</lfo1Rate>
				<lfo2Rate>0x00000000</lfo2Rate>
				<modulator1Amount>0x80000000</modulator1Amount>
				<modulator1Feedback>0x80000000</modulator1Feedback>
				<modulator2Amount>0x80000000</modulator2Amount>
				<modulator2Feedback>0x80000000</modulator2Feedback>
				<carrier1Feedback>0x80000000</carrier1Feedback>
				<carrier2Feedback>0x80000000</carrier2Feedback>
				<modFXRate>0x00000000</modFXRate>
				<modFXDepth>0x00000000</modFXDepth>
				<delayRate>0x00000000</delayRate>
				<delayFeedback>0x80000000</delayFeedback>
				<reverbAmount>0x80000000</reverbAmount>
				<arpeggiatorRate>0x00000000</arpeggiatorRate>
				<patchCables>
					<patchCable>
						<source>velocity</source>
						<destination>volume</destination>
						<amount>0x3FFFFFE8</amount>
					</patchCable>
				</patchCables>
				<stutterRate>0x00000000</stutterRate>
				<sampleRateReduction>0x80000000</sampleRateReduction>
				<bitCrush>0x80000000</bitCrush>
				<equalizer>
					<bass>0x00000000</bass>
					<treble>0x00000000</treble>
					<bassFrequency>0x00000000</bassFrequency>
					<trebleFrequency>0x00000000</trebleFrequency>
				</equalizer>
				<modFXOffset>0x00000000</modFXOffset>
				<modFXFeedback>0x00000000</modFXFeedback>
			</defaultParams>
			<midiKnobs>
			</midiKnobs>
			<modKnobs>
				<modKnob>
					<controlsParam>pan</controlsParam>
				</modKnob>
				<modKnob>
					<controlsParam>volumePostFX</controlsParam>
				</modKnob>
				<modKnob>
					<controlsParam>lpfResonance</controlsParam>
				</modKnob>
				<modKnob>
					<controlsParam>lpfFrequency</controlsParam>
				</modKnob>
				<modKnob>
					<controlsParam>env1Release</controlsParam>
				</modKnob>
				<modKnob>
					<controlsParam>env1Attack</controlsParam>
				</modKnob>
				<modKnob>
					<controlsParam>delayFeedback</controlsParam>
				</modKnob>
				<modKnob>
					<controlsParam>delayRate</controlsParam>
				</modKnob>
				<modKnob>
					<controlsParam>reverbAmount</controlsParam>
				</modKnob>
				<modKnob>
					<controlsParam>volumePostReverbSend</controlsParam>
					<patchAmountFromSource>compressor</patchAmountFromSource>
				</modKnob>
				<modKnob>
					<controlsParam>pitch</controlsParam>
					<patchAmountFromSource>lfo1</patchAmountFromSource>
				</modKnob>
				<modKnob>
					<controlsParam>lfo1Rate</controlsParam>
				</modKnob>
				<modKnob>
					<controlsParam>pitch</controlsParam>
				</modKnob>
				<modKnob>
					<controlsParam>stutterRate</controlsParam>
				</modKnob>
				<modKnob>
					<controlsParam>bitcrushAmount</controlsParam>
				</modKnob>
				<modKnob>
					<controlsParam>sampleRateReduction</controlsParam>
				</modKnob>
			</modKnobs>
		</sound>
		<sound>
			<name>TOML</name>
			<osc1>
				<type>sample</type>
				<transpose>0</transpose>
				<cents>0</cents>
				<loopMode>1</loopMode>
				<reversed>0</reversed>
				<timeStretchEnable>0</timeStretchEnable>
				<timeStretchAmount>0</timeStretchAmount>
				<fileName>SAMPLES/DRUMS/TomL/808 Tom low.wav</fileName>
				<zone>
					<startMilliseconds>0</startMilliseconds>
					<endMilliseconds>1001</endMilliseconds>
				</zone>
			</osc1>
			<osc2>
				<type>sample</type>
				<transpose>0</transpose>
				<cents>0</cents>
				<loopMode>1</loopMode>
				<reversed>0</reversed>
				<timeStretchEnable>0</timeStretchEnable>
				<timeStretchAmount>0</timeStretchAmount>
				<fileName></fileName>
				<zone>
					<startMilliseconds>0</startMilliseconds>
					<endMilliseconds>0</endMilliseconds>
				</zone>
			</osc2>
			<polyphonic>auto</polyphonic>
			<clippingAmount>0</clippingAmount>
			<voicePriority>1</voicePriority>
			<lfo1>
				<type>sine</type>
				<syncLevel>0</syncLevel>
			</lfo1>
			<lfo2>
				<type>sine</type>
			</lfo2>
			<mode>subtractive</mode>
			<unison>
				<num>1</num>
				<detune>8</detune>
			</unison>
			<compressor>
				<syncLevel>6</syncLevel>
				<attack>327244</attack>
				<release>936</release>
			</compressor>
			<lpfMode>24dB</lpfMode>
			<modFXType>none</modFXType>
			<delay>
				<pingPong>1</pingPong>
				<analog>0</analog>
				<syncLevel>7</syncLevel>
			</delay>
			<defaultParams>
				<arpeggiatorGate>0x00000000</arpeggiatorGate>
				<portamento>0x80000000</portamento>
				<compressorShape>0xDC28F5B2</compressorShape>
				<oscAVolume>0x7FFFFFFF</oscAVolume>
				<oscAPulseWidth>0x00000000</oscAPulseWidth>
				<oscBVolume>0x80000000</oscBVolume>
				<oscBPulseWidth>0x00000000</oscBPulseWidth>
				<noiseVolume>0x80000000</noiseVolume>
				<volume>0x3851EB64</volume>
				<pan>0x28000000</pan>
				<lpfFrequency>0x7FFFFFFF</lpfFrequency>
				<lpfResonance>0x80000000</lpfResonance>
				<hpfFrequency>0x80000000</hpfFrequency>
				<hpfResonance>0x80000000</hpfResonance>
				<envelope1>
					<attack>0x80000000</attack>
					<decay>0xE6666654</decay>
					<sustain>0x7FFFFFD2</sustain>
					<release>0x80000000</release>
				</envelope1>
				<envelope2>
					<attack>0xE6666654</attack>
					<decay>0xE6666654</decay>
					<sustain>0xFFFFFFE9</sustain>
					<release>0xE6666654</release>
				</envelope2>
				<lfo1Rate>0x1999997E</lfo1Rate>
				<lfo2Rate>0x00000000</lfo2Rate>
				<modulator1Amount>0x80000000</modulator1Amount>
				<modulator1Feedback>0x80000000</modulator1Feedback>
				<modulator2Amount>0x80000000</modulator2Amount>
				<modulator2Feedback>0x80000000</modulator2Feedback>
				<carrier1Feedback>0x80000000</carrier1Feedback>
				<carrier2Feedback>0x80000000</carrier2Feedback>
				<modFXRate>0x00000000</modFXRate>
				<modFXDepth>0x00000000</modFXDepth>
				<delayRate>0x00000000</delayRate>
				<delayFeedback>0x80000000</delayFeedback>
				<reverbAmount>0x80000000</reverbAmount>
				<arpeggiatorRate>0x00000000</arpeggiatorRate>
				<patchCables>
					<patchCable>
						<source>velocity</source>
						<destination>volume</destination>
						<amount>0x3FFFFFE8</amount>
					</patchCable>
				</patchCables>
				<stutterRate>0x00000000</stutterRate>
				<sampleRateReduction>0x80000000</sampleRateReduction>
				<bitCrush>0x80000000</bitCrush>
				<equalizer>
					<bass>0x00000000</bass>
					<treble>0x00000000</treble>
					<bassFrequency>0x00000000</bassFrequency>
					<trebleFrequency>0x00000000</trebleFrequency>
				</equalizer>
				<modFXOffset>0x00000000</modFXOffset>
				<modFXFeedback>0x00000000</modFXFeedback>
			</defaultParams>
			<midiKnobs>
			</midiKnobs>
			<modKnobs>
				<modKnob>
					<controlsParam>pan</controlsParam>
				</modKnob>
				<modKnob>
					<controlsParam>volumePostFX</controlsParam>
				</modKnob>
				<modKnob>
					<controlsParam>lpfResonance</controlsParam>
				</modKnob>
				<modKnob>
					<controlsParam>lpfFrequency</controlsParam>
				</modKnob>
				<modKnob>
					<controlsParam>env1Release</controlsParam>
				</modKnob>
				<modKnob>
					<controlsParam>env1Attack</controlsParam>
				</modKnob>
				<modKnob>
					<controlsParam>delayFeedback</controlsParam>
				</modKnob>
				<modKnob>
					<controlsParam>delayRate</controlsParam>
				</modKnob>
				<modKnob>
					<controlsParam>reverbAmount</controlsParam>
				</modKnob>
				<modKnob>
					<controlsParam>volumePostReverbSend</controlsParam>
					<patchAmountFromSource>compressor</patchAmountFromSource>
				</modKnob>
				<modKnob>
					<controlsParam>pitch</controlsParam>
					<patchAmountFromSource>lfo1</patchAmountFromSource>
				</modKnob>
				<modKnob>
					<controlsParam>lfo1Rate</controlsParam>
				</modKnob>
				<modKnob>
					<controlsParam>pitch</controlsParam>
				</modKnob>
				<modKnob>
					<controlsParam>stutterRate</controlsParam>
				</modKnob>
				<modKnob>
					<controlsParam>bitcrushAmount</controlsParam>
				</modKnob>
				<modKnob>
					<controlsParam>sampleRateReduction</controlsParam>
				</modKnob>
			</modKnobs>
		</sound>
		<sound>
			<name>TOMM</name>
			<osc1>
				<type>sample</type>
				<transpose>0</transpose>
				<cents>0</cents>
				<loopMode>1</loopMode>
				<reversed>0</reversed>
				<timeStretchEnable>0</timeStretchEnable>
				<timeStretchAmount>0</timeStretchAmount>
				<fileName>SAMPLES/DRUMS/TomM/808 Tom medium.wav</fileName>
				<zone>
					<startMilliseconds>0</startMilliseconds>
					<endMilliseconds>1001</endMilliseconds>
				</zone>
			</osc1>
			<osc2>
				<type>sample</type>
				<transpose>0</transpose>
				<cents>0</cents>
				<loopMode>1</loopMode>
				<reversed>0</reversed>
				<timeStretchEnable>0</timeStretchEnable>
				<timeStretchAmount>0</timeStretchAmount>
				<fileName></fileName>
				<zone>
					<startMilliseconds>0</startMilliseconds>
					<endMilliseconds>0</endMilliseconds>
				</zone>
			</osc2>
			<polyphonic>auto</polyphonic>
			<clippingAmount>0</clippingAmount>
			<voicePriority>1</voicePriority>
			<lfo1>
				<type>sine</type>
				<syncLevel>0</syncLevel>
			</lfo1>
			<lfo2>
				<type>sine</type>
			</lfo2>
			<mode>subtractive</mode>
			<unison>
				<num>1</num>
				<detune>8</detune>
			</unison>
			<compressor>
				<syncLevel>6</syncLevel>
				<attack>327244</attack>
				<release>936</release>
			</compressor>
			<lpfMode>24dB</lpfMode>
			<modFXType>none</modFXType>
			<delay>
				<pingPong>1</pingPong>
				<analog>0</analog>
				<syncLevel>7</syncLevel>
			</delay>
			<defaultParams>
				<arpeggiatorGate>0x00000000</arpeggiatorGate>
				<portamento>0x80000000</portamento>
				<compressorShape>0xDC28F5B2</compressorShape>
				<oscAVolume>0x7FFFFFFF</oscAVolume>
				<oscAPulseWidth>0x00000000</oscAPulseWidth>
				<oscBVolume>0x80000000</oscBVolume>
				<oscBPulseWidth>0x00000000</oscBPulseWidth>
				<noiseVolume>0x80000000</noiseVolume>
				<volume>0x3851EB64</volume>
				<pan>0xEC000000</pan>
				<lpfFrequency>0x7FFFFFFF</lpfFrequency>
				<lpfResonance>0x80000000</lpfResonance>
				<hpfFrequency>0x80000000</hpfFrequency>
				<hpfResonance>0x80000000</hpfResonance>
				<envelope1>
					<attack>0x80000000</attack>
					<decay>0xE6666654</decay>
					<sustain>0x7FFFFFD2</sustain>
					<release>0x80000000</release>
				</envelope1>
				<envelope2>
					<attack>0xE6666654</attack>
					<decay>0xE6666654</decay>
					<sustain>0xFFFFFFE9</sustain>
					<release>0xE6666654</release>
				</envelope2>
				<lfo1Rate>0x1999997E</lfo1Rate>
				<lfo2Rate>0x00000000</lfo2Rate>
				<modulator1Amount>0x80000000</modulator1Amount>
				<modulator1Feedback>0x80000000</modulator1Feedback>
				<modulator2Amount>0x80000000</modulator2Amount>
				<modulator2Feedback>0x80000000</modulator2Feedback>
				<carrier1Feedback>0x80000000</carrier1Feedback>
				<carrier2Feedback>0x80000000</carrier2Feedback>
				<modFXRate>0x00000000</modFXRate>
				<modFXDepth>0x00000000</modFXDepth>
				<delayRate>0x00000000</delayRate>
				<delayFeedback>0x80000000</delayFeedback>
				<reverbAmount>0x80000000</reverbAmount>
				<arpeggiatorRate>0x00000000</arpeggiatorRate>
				<patchCables>
					<patchCable>
						<source>velocity</source>
						<destination>volume</destination>
						<amount>0x3FFFFFE8</amount>
					</patchCable>
				</patchCables>
				<stutterRate>0x00000000</stutterRate>
				<sampleRateReduction>0x80000000</sampleRateReduction>
				<bitCrush>0x80000000</bitCrush>
				<equalizer>
					<bass>0x00000000</bass>
					<treble>0x00000000</treble>
					<bassFrequency>0x00000000</bassFrequency>
					<trebleFrequency>0x00000000</trebleFrequency>
				</equalizer>
				<modFXOffset>0x00000000</modFXOffset>
				<modFXFeedback>0x00000000</modFXFeedback>
			</defaultParams>
			<midiKnobs>
			</midiKnobs>
			<modKnobs>
				<modKnob>
					<controlsParam>pan</controlsParam>
				</modKnob>
				<modKnob>
					<controlsParam>volumePostFX</controlsParam>
				</modKnob>
				<modKnob>
					<controlsParam>lpfResonance</controlsParam>
				</modKnob>
				<modKnob>
					<controlsParam>lpfFrequency</controlsParam>
				</modKnob>
				<modKnob>
					<controlsParam>env1Release</controlsParam>
				</modKnob>
				<modKnob>
					<controlsParam>env1Attack</controlsParam>
				</modKnob>
				<modKnob>
					<controlsParam>delayFeedback</controlsParam>
				</modKnob>
				<modKnob>
					<controlsParam>delayRate</controlsParam>
				</modKnob>
				<modKnob>
					<controlsParam>reverbAmount</controlsParam>
				</modKnob>
				<modKnob>
					<controlsParam>volumePostReverbSend</controlsParam>
					<patchAmountFromSource>compressor</patchAmountFromSource>
				</modKnob>
				<modKnob>
					<controlsParam>pitch</controlsParam>
					<patchAmountFromSource>lfo1</patchAmountFromSource>
				</modKnob>
				<modKnob>
					<controlsParam>lfo1Rate</controlsParam>
				</modKnob>
				<modKnob>
					<controlsParam>pitch</controlsParam>
				</modKnob>
				<modKnob>
					<controlsParam>stutterRate</controlsParam>
				</modKnob>
				<modKnob>
					<controlsParam>bitcrushAmount</controlsParam>
				</modKnob>
				<modKnob>
					<controlsParam>sampleRateReduction</controlsParam>
				</modKnob>
			</modKnobs>
		</sound>
		<sound>
			<name>TOMH</name>
			<osc1>
				<type>sample</type>
				<transpose>0</transpose>
				<cents>0</cents>
				<loopMode>1</loopMode>
				<reversed>0</reversed>
				<timeStretchEnable>0</timeStretchEnable>
				<timeStretchAmount>0</timeStretchAmount>
				<fileName>SAMPLES/DRUMS/TomH/808 Tom high.wav</fileName>
				<zone>
					<startMilliseconds>0</startMilliseconds>
					<endMilliseconds>1001</endMilliseconds>
				</zone>
			</osc1>
			<osc2>
				<type>sample</type>
				<transpose>0</transpose>
				<cents>0</cents>
				<loopMode>1</loopMode>
				<reversed>0</reversed>
				<timeStretchEnable>0</timeStretchEnable>
				<timeStretchAmount>0</timeStretchAmount>
				<fileName></fileName>
				<zone>
					<startMilliseconds>0</startMilliseconds>
					<endMilliseconds>0</endMilliseconds>
				</zone>
			</osc2>
			<polyphonic>auto</polyphonic>
			<clippingAmount>0</clippingAmount>
			<voicePriority>1</voicePriority>
			<lfo1>
				<type>sine</type>
				<syncLevel>0</syncLevel>
			</lfo1>
			<lfo2>
				<type>sine</type>
			</lfo2>
			<mode>subtractive</mode>
			<unison>
				<num>1</num>
				<detune>8</detune>
			</unison>
			<compressor>
				<syncLevel>6</syncLevel>
				<attack>327244</attack>
				<release>936</release>
			</compressor>
			<lpfMode>24dB</lpfMode>
			<modFXType>none</modFXType>
			<delay>
				<pingPong>1</pingPong>
				<analog>0</analog>
				<syncLevel>7</syncLevel>
			</delay>
			<defaultParams>
				<arpeggiatorGate>0x00000000</arpeggiatorGate>
				<portamento>0x80000000</portamento>
				<compressorShape>0xDC28F5B2</compressorShape>
				<oscAVolume>0x7FFFFFFF</oscAVolume>
				<oscAPulseWidth>0x00000000</oscAPulseWidth>
				<oscBVolume>0x80000000</oscBVolume>
				<oscBPulseWidth>0x00000000</oscBPulseWidth>
				<noiseVolume>0x80000000</noiseVolume>
				<volume>0x3851EB64</volume>
				<pan>0xA8000000</pan>
				<lpfFrequency>0x7FFFFFFF</lpfFrequency>
				<lpfResonance>0x80000000</lpfResonance>
				<hpfFrequency>0x80000000</hpfFrequency>
				<hpfResonance>0x80000000</hpfResonance>
				<envelope1>
					<attack>0x80000000</attack>
					<decay>0xE6666654</decay>
					<sustain>0x7FFFFFD2</sustain>
					<release>0x80000000</release>
				</envelope1>
				<envelope2>
					<attack>0xE6666654</attack>
					<decay>0xE6666654</decay>
					<sustain>0xFFFFFFE9</sustain>
					<release>0xE6666654</release>
				</envelope2>
				<lfo1Rate>0x1999997E</lfo1Rate>
				<lfo2Rate>0x00000000</lfo2Rate>
				<modulator1Amount>0x80000000</modulator1Amount>
				<modulator1Feedback>0x80000000</modulator1Feedback>
				<modulator2Amount>0x80000000</modulator2Amount>
				<modulator2Feedback>0x80000000</modulator2Feedback>
				<carrier1Feedback>0x80000000</carrier1Feedback>
				<carrier2Feedback>0x80000000</carrier2Feedback>
				<modFXRate>0x00000000</modFXRate>
				<modFXDepth>0x00000000</modFXDepth>
				<delayRate>0x00000000</delayRate>
				<delayFeedback>0x80000000</delayFeedback>
				<reverbAmount>0x80000000</reverbAmount>
				<arpeggiatorRate>0x00000000</arpeggiatorRate>
				<patchCables>
					<patchCable>
						<source>velocity</source>
						<destination>volume</destination>
						<amount>0x3FFFFFE8</amount>
					</patchCable>
				</patchCables>
				<stutterRate>0x00000000</stutterRate>
				<sampleRateReduction>0x80000000</sampleRateReduction>
				<bitCrush>0x80000000</bitCrush>
				<equalizer>
					<bass>0x00000000</bass>
					<treble>0x00000000</treble>
					<bassFrequency>0x00000000</bassFrequency>
					<trebleFrequency>0x00000000</trebleFrequency>
				</equalizer>
				<modFXOffset>0x00000000</modFXOffset>
				<modFXFeedback>0x00000000</modFXFeedback>
			</defaultParams>
			<midiKnobs>
			</midiKnobs>
			<modKnobs>
				<modKnob>
					<controlsParam>pan</controlsParam>
				</modKnob>
				<modKnob>
					<controlsParam>volumePostFX</controlsParam>
				</modKnob>
				<modKnob>
					<controlsParam>lpfResonance</controlsParam>
				</modKnob>
				<modKnob>
					<controlsParam>lpfFrequency</controlsParam>
				</modKnob>
				<modKnob>
					<controlsParam>env1Release</controlsParam>
				</modKnob>
				<modKnob>
					<controlsParam>env1Attack</controlsParam>
				</modKnob>
				<modKnob>
					<controlsParam>delayFeedback</controlsParam>
				</modKnob>
				<modKnob>
					<controlsParam>delayRate</controlsParam>
				</modKnob>
				<modKnob>
					<controlsParam>reverbAmount</controlsParam>
				</modKnob>
				<modKnob>
					<controlsParam>volumePostReverbSend</controlsParam>
					<patchAmountFromSource>compressor</patchAmountFromSource>
				</modKnob>
				<modKnob>
					<controlsParam>pitch</controlsParam>
					<patchAmountFromSource>lfo1</patchAmountFromSource>
				</modKnob>
				<modKnob>
					<controlsParam>lfo1Rate</controlsParam>
				</modKnob>
				<modKnob>
					<controlsParam>pitch</controlsParam>
				</modKnob>
				<modKnob>
					<controlsParam>stutterRate</controlsParam>
				</modKnob>
				<modKnob>
					<controlsParam>bitcrushAmount</controlsParam>
				</modKnob>
				<modKnob>
					<controlsParam>sampleRateReduction</controlsParam>
				</modKnob>
			</modKnobs>
		</sound>
		<sound>
			<name>CONL</name>
			<osc1>
				<type>sample</type>
				<transpose>0</transpose>
				<cents>0</cents>
				<loopMode>1</loopMode>
				<reversed>0</reversed>
				<timeStretchEnable>0</timeStretchEnable>
				<timeStretchAmount>0</timeStretchAmount>
				<fileName>SAMPLES/DRUMS/ConL/808 Conga low.wav</fileName>
				<zone>
					<startMilliseconds>0</startMilliseconds>
					<endMilliseconds>501</endMilliseconds>
				</zone>
			</osc1>
			<osc2>
				<type>sample</type>
				<transpose>0</transpose>
				<cents>0</cents>
				<loopMode>1</loopMode>
				<reversed>0</reversed>
				<timeStretchEnable>0</timeStretchEnable>
				<timeStretchAmount>0</timeStretchAmount>
				<fileName></fileName>
				<zone>
					<startMilliseconds>0</startMilliseconds>
					<endMilliseconds>0</endMilliseconds>
				</zone>
			</osc2>
			<polyphonic>auto</polyphonic>
			<clippingAmount>0</clippingAmount>
			<voicePriority>1</voicePriority>
			<lfo1>
				<type>sine</type>
				<syncLevel>0</syncLevel>
			</lfo1>
			<lfo2>
				<type>sine</type>
			</lfo2>
			<mode>subtractive</mode>
			<unison>
				<num>1</num>
				<detune>8</detune>
			</unison>
			<compressor>
				<syncLevel>6</syncLevel>
				<attack>327244</attack>
				<release>936</release>
			</compressor>
			<lpfMode>24dB</lpfMode>
			<modFXType>none</modFXType>
			<delay>
				<pingPong>1</pingPong>
				<analog>0</analog>
				<syncLevel>7</syncLevel>
			</delay>
			<defaultParams>
				<arpeggiatorGate>0x00000000</arpeggiatorGate>
				<portamento>0x80000000</portamento>
				<compressorShape>0xDC28F5B2</compressorShape>
				<oscAVolume>0x7FFFFFFF</oscAVolume>
				<oscAPulseWidth>0x00000000</oscAPulseWidth>
				<oscBVolume>0x80000000</oscBVolume>
				<oscBPulseWidth>0x00000000</oscBPulseWidth>
				<noiseVolume>0x80000000</noiseVolume>
				<volume>0x3851EB64</volume>
				<pan>0x48000000</pan>
				<lpfFrequency>0x7FFFFFFF</lpfFrequency>
				<lpfResonance>0x80000000</lpfResonance>
				<hpfFrequency>0x80000000</hpfFrequency>
				<hpfResonance>0x80000000</hpfResonance>
				<envelope1>
					<attack>0x80000000</attack>
					<decay>0xE6666654</decay>
					<sustain>0x7FFFFFD2</sustain>
					<release>0x80000000</release>
				</envelope1>
				<envelope2>
					<attack>0xE6666654</attack>
					<decay>0xE6666654</decay>
					<sustain>0xFFFFFFE9</sustain>
					<release>0xE6666654</release>
				</envelope2>
				<lfo1Rate>0x1999997E</lfo1Rate>
				<lfo2Rate>0x00000000</lfo2Rate>
				<modulator1Amount>0x80000000</modulator1Amount>
				<modulator1Feedback>0x80000000</modulator1Feedback>
				<modulator2Amount>0x80000000</modulator2Amount>
				<modulator2Feedback>0x80000000</modulator2Feedback>
				<carrier1Feedback>0x80000000</carrier1Feedback>
				<carrier2Feedback>0x80000000</carrier2Feedback>
				<modFXRate>0x00000000</modFXRate>
				<modFXDepth>0x00000000</modFXDepth>
				<delayRate>0x00000000</delayRate>
				<delayFeedback>0x80000000</delayFeedback>
				<reverbAmount>0x80000000</reverbAmount>
				<arpeggiatorRate>0x00000000</arpeggiatorRate>
				<patchCables>
					<patchCable>
						<source>velocity</source>
						<destination>volume</destination>
						<amount>0x3FFFFFE8</amount>
					</patchCable>
				</patchCables>
				<stutterRate>0x00000000</stutterRate>
				<sampleRateReduction>0x80000000</sampleRateReduction>
				<bitCrush>0x80000000</bitCrush>
				<equalizer>
					<bass>0x00000000</bass>
					<treble>0x00000000</treble>
					<bassFrequency>0x00000000</bassFrequency>
					<trebleFrequency>0x00000000</trebleFrequency>
				</equalizer>
				<modFXOffset>0x00000000</modFXOffset>
				<modFXFeedback>0x00000000</modFXFeedback>
			</defaultParams>
			<midiKnobs>
			</midiKnobs>
			<modKnobs>
				<modKnob>
					<controlsParam>pan</controlsParam>
				</modKnob>
				<modKnob>
					<controlsParam>volumePostFX</controlsParam>
				</modKnob>
				<modKnob>
					<controlsParam>lpfResonance</controlsParam>
				</modKnob>
				<modKnob>
					<controlsParam>lpfFrequency</controlsParam>
				</modKnob>
				<modKnob>
					<controlsParam>env1Release</controlsParam>
				</modKnob>
				<modKnob>
					<controlsParam>env1Attack</controlsParam>
				</modKnob>
				<modKnob>
					<controlsParam>delayFeedback</controlsParam>
				</modKnob>
				<modKnob>
					<controlsParam>delayRate</controlsParam>
				</modKnob>
				<modKnob>
					<controlsParam>reverbAmount</controlsParam>
				</modKnob>
				<modKnob>
					<controlsParam>volumePostReverbSend</controlsParam>
					<patchAmountFromSource>compressor</patchAmountFromSource>
				</modKnob>
				<modKnob>
					<controlsParam>pitch</controlsParam>
					<patchAmountFromSource>lfo1</patchAmountFromSource>
				</modKnob>
				<modKnob>
					<controlsParam>lfo1Rate</controlsParam>
				</modKnob>
				<modKnob>
					<controlsParam>pitch</controlsParam>
				</modKnob>
				<modKnob>
					<controlsParam>stutterRate</controlsParam>
				</modKnob>
				<modKnob>
					<controlsParam>bitcrushAmount</controlsParam>
				</modKnob>
				<modKnob>
					<controlsParam>sampleRateReduction</controlsParam>
				</modKnob>
			</modKnobs>
		</sound>
		<sound>
			<name>CONM</name>
			<osc1>
				<type>sample</type>
				<transpose>0</transpose>
				<cents>0</cents>
				<loopMode>1</loopMode>
				<reversed>0</reversed>
				<timeStretchEnable>0</timeStretchEnable>
				<timeStretchAmount>0</timeStretchAmount>
				<fileName>SAMPLES/DRUMS/ConM/808 Conga medium.wav</fileName>
				<zone>
					<startMilliseconds>0</startMilliseconds>
					<endMilliseconds>501</endMilliseconds>
				</zone>
			</osc1>
			<osc2>
				<type>sample</type>
				<transpose>0</transpose>
				<cents>0</cents>
				<loopMode>1</loopMode>
				<reversed>0</reversed>
				<timeStretchEnable>0</timeStretchEnable>
				<timeStretchAmount>0</timeStretchAmount>
				<fileName></fileName>
				<zone>
					<startMilliseconds>0</startMilliseconds>
					<endMilliseconds>0</endMilliseconds>
				</zone>
			</osc2>
			<polyphonic>auto</polyphonic>
			<clippingAmount>0</clippingAmount>
			<voicePriority>1</voicePriority>
			<lfo1>
				<type>sine</type>
				<syncLevel>0</syncLevel>
			</lfo1>
			<lfo2>
				<type>sine</type>
			</lfo2>
			<mode>subtractive</mode>
			<unison>
				<num>1</num>
				<detune>8</detune>
			</unison>
			<compressor>
				<syncLevel>6</syncLevel>
				<attack>327244</attack>
				<release>936</release>
			</compressor>
			<lpfMode>24dB</lpfMode>
			<modFXType>none</modFXType>
			<delay>
				<pingPong>1</pingPong>
				<analog>0</analog>
				<syncLevel>7</syncLevel>
			</delay>
			<defaultParams>
				<arpeggiatorGate>0x00000000</arpeggiatorGate>
				<portamento>0x80000000</portamento>
				<compressorShape>0xDC28F5B2</compressorShape>
				<oscAVolume>0x7FFFFFFF</oscAVolume>
				<oscAPulseWidth>0x00000000</oscAPulseWidth>
				<oscBVolume>0x80000000</oscBVolume>
				<oscBPulseWidth>0x00000000</oscBPulseWidth>
				<noiseVolume>0x80000000</noiseVolume>
				<volume>0x3851EB64</volume>
				<pan>0x12000000</pan>
				<lpfFrequency>0x7FFFFFFF</lpfFrequency>
				<lpfResonance>0x80000000</lpfResonance>
				<hpfFrequency>0x80000000</hpfFrequency>
				<hpfResonance>0x80000000</hpfResonance>
				<envelope1>
					<attack>0x80000000</attack>
					<decay>0xE6666654</decay>
					<sustain>0x7FFFFFD2</sustain>
					<release>0x80000000</release>
				</envelope1>
				<envelope2>
					<attack>0xE6666654</attack>
					<decay>0xE6666654</decay>
					<sustain>0xFFFFFFE9</sustain>
					<release>0xE6666654</release>
				</envelope2>
				<lfo1Rate>0x1999997E</lfo1Rate>
				<lfo2Rate>0x00000000</lfo2Rate>
				<modulator1Amount>0x80000000</modulator1Amount>
				<modulator1Feedback>0x80000000</modulator1Feedback>
				<modulator2Amount>0x80000000</modulator2Amount>
				<modulator2Feedback>0x80000000</modulator2Feedback>
				<carrier1Feedback>0x80000000</carrier1Feedback>
				<carrier2Feedback>0x80000000</carrier2Feedback>
				<modFXRate>0x00000000</modFXRate>
				<modFXDepth>0x00000000</modFXDepth>
				<delayRate>0x00000000</delayRate>
				<delayFeedback>0x80000000</delayFeedback>
				<reverbAmount>0x80000000</reverbAmount>
				<arpeggiatorRate>0x00000000</arpeggiatorRate>
				<patchCables>
					<patchCable>
						<source>velocity</source>
						<destination>volume</destination>
						<amount>0x3FFFFFE8</amount>
					</patchCable>
				</patchCables>
				<stutterRate>0x00000000</stutterRate>
				<sampleRateReduction>0x80000000</sampleRateReduction>
				<bitCrush>0x80000000</bitCrush>
				<equalizer>
					<bass>0x00000000</bass>
					<treble>0x00000000</treble>
					<bassFrequency>0x00000000</bassFrequency>
					<trebleFrequency>0x00000000</trebleFrequency>
				</equalizer>
				<modFXOffset>0x00000000</modFXOffset>
				<modFXFeedback>0x00000000</modFXFeedback>
			</defaultParams>
			<midiKnobs>
			</midiKnobs>
			<modKnobs>
				<modKnob>
					<controlsParam>pan</controlsParam>
				</modKnob>
				<modKnob>
					<controlsParam>volumePostFX</controlsParam>
				</modKnob>
				<modKnob>
					<controlsParam>lpfResonance</controlsParam>
				</modKnob>
				<modKnob>
					<controlsParam>lpfFrequency</controlsParam>
				</modKnob>
				<modKnob>
					<controlsParam>env1Release</controlsParam>
				</modKnob>
				<modKnob>
					<controlsParam>env1Attack</controlsParam>
				</modKnob>
				<modKnob>
					<controlsParam>delayFeedback</controlsParam>
				</modKnob>
				<modKnob>
					<controlsParam>delayRate</controlsParam>
				</modKnob>
				<modKnob>
					<controlsParam>reverbAmount</controlsParam>
				</modKnob>
				<modKnob>
					<controlsParam>volumePostReverbSend</controlsParam>
					<patchAmountFromSource>compressor</patchAmountFromSource>
				</modKnob>
				<modKnob>
					<controlsParam>pitch</controlsParam>
					<patchAmountFromSource>lfo1</patchAmountFromSource>
				</modKnob>
				<modKnob>
					<controlsParam>lfo1Rate</controlsParam>
				</modKnob>
				<modKnob>
					<controlsParam>pitch</controlsParam>
				</modKnob>
				<modKnob>
					<controlsParam>stutterRate</controlsParam>
				</modKnob>
				<modKnob>
					<controlsParam>bitcrushAmount</controlsParam>
				</modKnob>
				<modKnob>
					<controlsParam>sampleRateReduction</controlsParam>
				</modKnob>
			</modKnobs>
		</sound>
		<sound>
			<name>CONH</name>
			<osc1>
				<type>sample</type>
				<transpose>0</transpose>
				<cents>0</cents>
				<loopMode>1</loopMode>
				<reversed>0</reversed>
				<timeStretchEnable>0</timeStretchEnable>
				<timeStretchAmount>0</timeStretchAmount>
				<fileName>SAMPLES/DRUMS/ConH/808 Conga high.wav</fileName>
				<zone>
					<startMilliseconds>0</startMilliseconds>
					<endMilliseconds>501</endMilliseconds>
				</zone>
			</osc1>
			<osc2>
				<type>sample</type>
				<transpose>0</transpose>
				<cents>0</cents>
				<loopMode>1</loopMode>
				<reversed>0</reversed>
				<timeStretchEnable>0</timeStretchEnable>
				<timeStretchAmount>0</timeStretchAmount>
				<fileName></fileName>
				<zone>
					<startMilliseconds>0</startMilliseconds>
					<endMilliseconds>0</endMilliseconds>
				</zone>
			</osc2>
			<polyphonic>auto</polyphonic>
			<clippingAmount>0</clippingAmount>
			<voicePriority>1</voicePriority>
			<lfo1>
				<type>sine</type>
				<syncLevel>0</syncLevel>
			</lfo1>
			<lfo2>
				<type>sine</type>
			</lfo2>
			<mode>subtractive</mode>
			<unison>
				<num>1</num>
				<detune>8</detune>
			</unison>
			<compressor>
				<syncLevel>6</syncLevel>
				<attack>327244</attack>
				<release>936</release>
			</compressor>
			<lpfMode>24dB</lpfMode>
			<modFXType>none</modFXType>
			<delay>
				<pingPong>1</pingPong>
				<analog>0</analog>
				<syncLevel>7</syncLevel>
			</delay>
			<defaultParams>
				<arpeggiatorGate>0x00000000</arpeggiatorGate>
				<portamento>0x80000000</portamento>
				<compressorShape>0xDC28F5B2</compressorShape>
				<oscAVolume>0x7FFFFFFF</oscAVolume>
				<oscAPulseWidth>0x00000000</oscAPulseWidth>
				<oscBVolume>0x80000000</oscBVolume>
				<oscBPulseWidth>0x00000000</oscBPulseWidth>
				<noiseVolume>0x80000000</noiseVolume>
				<volume>0x3851EB64</volume>
				<pan>0xBC000000</pan>
				<lpfFrequency>0x7FFFFFFF</lpfFrequency>
				<lpfResonance>0x80000000</lpfResonance>
				<hpfFrequency>0x80000000</hpfFrequency>
				<hpfResonance>0x80000000</hpfResonance>
				<envelope1>
					<attack>0x80000000</attack>
					<decay>0xE6666654</decay>
					<sustain>0x7FFFFFD2</sustain>
					<release>0x80000000</release>
				</envelope1>
				<envelope2>
					<attack>0xE6666654</attack>
					<decay>0xE6666654</decay>
					<sustain>0xFFFFFFE9</sustain>
					<release>0xE6666654</release>
				</envelope2>
				<lfo1Rate>0x1999997E</lfo1Rate>
				<lfo2Rate>0x00000000</lfo2Rate>
				<modulator1Amount>0x80000000</modulator1Amount>
				<modulator1Feedback>0x80000000</modulator1Feedback>
				<modulator2Amount>0x80000000</modulator2Amount>
				<modulator2Feedback>0x80000000</modulator2Feedback>
				<carrier1Feedback>0x80000000</carrier1Feedback>
				<carrier2Feedback>0x80000000</carrier2Feedback>
				<modFXRate>0x00000000</modFXRate>
				<modFXDepth>0x00000000</modFXDepth>
				<delayRate>0x00000000</delayRate>
				<delayFeedback>0x80000000</delayFeedback>
				<reverbAmount>0x80000000</reverbAmount>
				<arpeggiatorRate>0x00000000</arpeggiatorRate>
				<patchCables>
					<patchCable>
						<source>velocity</source>
						<destination>volume</destination>
						<amount>0x3FFFFFE8</amount>
					</patchCable>
				</patchCables>
				<stutterRate>0x00000000</stutterRate>
				<sampleRateReduction>0x80000000</sampleRateReduction>
				<bitCrush>0x80000000</bitCrush>
				<equalizer>
					<bass>0x00000000</bass>
					<treble>0x00000000</treble>
					<bassFrequency>0x00000000</bassFrequency>
					<trebleFrequency>0x00000000</trebleFrequency>
				</equalizer>
				<modFXOffset>0x00000000</modFXOffset>
				<modFXFeedback>0x00000000</modFXFeedback>
			</defaultParams>
			<midiKnobs>
			</midiKnobs>
			<modKnobs>
				<modKnob>
					<controlsParam>pan</controlsParam>
				</modKnob>
				<modKnob>
					<controlsParam>volumePostFX</controlsParam>
				</modKnob>
				<modKnob>
					<controlsParam>lpfResonance</controlsParam>
				</modKnob>
				<modKnob>
					<controlsParam>lpfFrequency</controlsParam>
				</modKnob>
				<modKnob>
					<controlsParam>env1Release</controlsParam>
				</modKnob>
				<modKnob>
					<controlsParam>env1Attack</controlsParam>
				</modKnob>
				<modKnob>
					<controlsParam>delayFeedback</controlsParam>
				</modKnob>
				<modKnob>
					<controlsParam>delayRate</controlsParam>
				</modKnob>
				<modKnob>
					<controlsParam>reverbAmount</controlsParam>
				</modKnob>
				<modKnob>
					<controlsParam>volumePostReverbSend</controlsParam>
					<patchAmountFromSource>compressor</patchAmountFromSource>
				</modKnob>
				<modKnob>
					<controlsParam>pitch</controlsParam>
					<patchAmountFromSource>lfo1</patchAmountFromSource>
				</modKnob>
				<modKnob>
					<controlsParam>lfo1Rate</controlsParam>
				</modKnob>
				<modKnob>
					<controlsParam>pitch</controlsParam>
				</modKnob>
				<modKnob>
					<controlsParam>stutterRate</controlsParam>
				</modKnob>
				<modKnob>
					<controlsParam>bitcrushAmount</controlsParam>
				</modKnob>
				<modKnob>
					<controlsParam>sampleRateReduction</controlsParam>
				</modKnob>
			</modKnobs>
		</sound>
	</soundSources>
	<selectedDrumIndex>0</selectedDrumIndex>
</kit>
